Id,Name,PointsVieBase,ForceBase,DefenseBase,ExperienceBase,SpriteUrl,Type1,Type2
1,bulbasaur,15,6,6,53,https://raw.githubusercontent.com/PokeAPI/sprites/master/sprites/pokemon/1.png,grass,poison
2,ivysaur,20,7,7,67,https://raw.githubusercontent.com/PokeAPI/sprites/master/sprites/pokemon/2.png,grass,poison
3,venusaur,26,10,10,87,https://raw.githubusercontent.com/PokeAPI/sprites/master/sprites/pokemon/3.png,grass,poison
4,charmander,13,6,5,51,https://raw.githubusercontent.com/PokeAPI/sprites/master/sprites/pokemon/4.png,fire,N/A
5,charmeleon,19,8,7,67,https://raw.githubusercontent.com/PokeAPI/sprites/master/sprites/pokemon/5.png,fire,N/A
6,charizard,26,10,9,89,https://raw.githubusercontent.com/PokeAPI/sprites/master/sprites/pokemon/6.png,fire,flying
7,squirtle,14,6,8,52,https://raw.githubusercontent.com/PokeAPI/sprites/master/sprites/pokemon/7.png,water,N/A
8,wartortle,19,7,10,67,https://raw.githubusercontent.com/PokeAPI/sprites/master/sprites/pokemon/8.png,water,N/A
9,blastoise,26,10,12,88,https://raw.githubusercontent.com/PokeAPI/sprites/master/sprites/pokemon/9.png,water,N/A
10,caterpie,15,5,4,32,https://raw.githubusercontent.com/PokeAPI/sprites/master/sprites/pokemon/10.png,bug,N/A
11,metapod,16,5,6,34,https://raw.githubusercontent.com/PokeAPI/sprites/master/sprites/pokemon/11.png,bug,N/A
12,butterfree,20,5,6,65,https://raw.githubusercontent.com/PokeAPI/sprites/master/sprites/pokemon/12.png,bug,flying
13,weedle,13,5,3,32,https://raw.githubusercontent.com/PokeAPI/sprites/master/sprites/pokemon/13.png,bug,poison
14,kakuna,15,5,6,34,https://raw.githubusercontent.com/PokeAPI/sprites/master/sprites/pokemon/14.png,bug,poison
15,beedrill,21,11,5,65,https://raw.githubusercontent.com/PokeAPI/sprites/master/sprites/pokemon/15.png,bug,poison
16,pidgey,13,5,5,41,https://raw.githubusercontent.com/PokeAPI/sprites/master/sprites/pokemon/16.png,normal,flying
17,pidgeotto,21,7,6,58,https://raw.githubusercontent.com/PokeAPI/sprites/master/sprites/pokemon/17.png,normal,flying
18,pidgeot,27,10,9,79,https://raw.githubusercontent.com/PokeAPI/sprites/master/sprites/pokemon/18.png,normal,flying
19,rattata,10,7,4,42,https://raw.githubusercontent.com/PokeAPI/sprites/master/sprites/pokemon/19.png,normal,N/A
20,raticate,18,10,7,68,https://raw.githubusercontent.com/PokeAPI/sprites/master/sprites/pokemon/20.png,normal,N/A
21,spearow,13,7,3,43,https://raw.githubusercontent.com/PokeAPI/sprites/master/sprites/pokemon/21.png,normal,flying
22,fearow,21,11,8,73,https://raw.githubusercontent.com/PokeAPI/sprites/master/sprites/pokemon/22.png,normal,flying
23,ekans,11,7,5,48,https://raw.githubusercontent.com/PokeAPI/sprites/master/sprites/pokemon/23.png,poison,N/A
24,arbok,20,11,8,74,https://raw.githubusercontent.com/PokeAPI/sprites/master/sprites/pokemon/24.png,poison,N/A
25,pikachu,11,6,5,53,https://raw.githubusercontent.com/PokeAPI/sprites/master/sprites/pokemon/25.png,electric,N/A
26,raichu,20,11,6,80,https://raw.githubusercontent.com/PokeAPI/sprites/master/sprites/pokemon/26.png,electric,N/A
27,sandshrew,16,9,10,50,https://raw.githubusercontent.com/PokeAPI/sprites/master/sprites/pokemon/27.png,ground,N/A
28,sandslash,25,12,13,75,https://raw.githubusercontent.com/PokeAPI/sprites/master/sprites/pokemon/28.png,ground,N/A
29,nidoran-f,18,5,6,45,https://raw.githubusercontent.com/PokeAPI/sprites/master/sprites/pokemon/29.png,poison,N/A
30,nidorina,23,7,8,60,https://raw.githubusercontent.com/PokeAPI/sprites/master/sprites/pokemon/30.png,poison,N/A
31,nidoqueen,30,11,10,84,https://raw.githubusercontent.com/PokeAPI/sprites/master/sprites/pokemon/31.png,poison,ground
32,nidoran-m,15,7,5,45,https://raw.githubusercontent.com/PokeAPI/sprites/master/sprites/pokemon/32.png,poison,N/A
33,nidorino,20,9,7,60,https://raw.githubusercontent.com/PokeAPI/sprites/master/sprites/pokemon/33.png,poison,N/A
34,nidoking,27,12,9,84,https://raw.githubusercontent.com/PokeAPI/sprites/master/sprites/pokemon/34.png,poison,ground
35,clefairy,23,5,6,53,https://raw.githubusercontent.com/PokeAPI/sprites/master/sprites/pokemon/35.png,fairy,N/A
36,clefable,31,8,9,80,https://raw.githubusercontent.com/PokeAPI/sprites/master/sprites/pokemon/36.png,fairy,N/A
37,vulpix,12,5,5,49,https://raw.githubusercontent.com/PokeAPI/sprites/master/sprites/pokemon/37.png,fire,N/A
38,ninetales,24,9,9,84,https://raw.githubusercontent.com/PokeAPI/sprites/master/sprites/pokemon/38.png,fire,N/A
39,jigglypuff,38,5,3,45,https://raw.githubusercontent.com/PokeAPI/sprites/master/sprites/pokemon/39.png,normal,fairy
40,wigglytuff,46,8,5,72,https://raw.githubusercontent.com/PokeAPI/sprites/master/sprites/pokemon/40.png,normal,fairy
41,zubat,13,5,4,40,https://raw.githubusercontent.com/PokeAPI/sprites/master/sprites/pokemon/41.png,poison,flying
42,golbat,25,10,8,75,https://raw.githubusercontent.com/PokeAPI/sprites/master/sprites/pokemon/42.png,poison,flying
43,oddish,15,6,6,53,https://raw.githubusercontent.com/PokeAPI/sprites/master/sprites/pokemon/43.png,grass,poison
44,gloom,20,8,8,65,https://raw.githubusercontent.com/PokeAPI/sprites/master/sprites/pokemon/44.png,grass,poison
45,vileplume,25,10,10,81,https://raw.githubusercontent.com/PokeAPI/sprites/master/sprites/pokemon/45.png,grass,poison
46,paras,11,8,6,47,https://raw.githubusercontent.com/PokeAPI/sprites/master/sprites/pokemon/46.png,bug,grass
47,parasect,20,11,10,67,https://raw.githubusercontent.com/PokeAPI/sprites/master/sprites/pokemon/47.png,bug,grass
48,venonat,20,6,6,50,https://raw.githubusercontent.com/PokeAPI/sprites/master/sprites/pokemon/48.png,bug,poison
49,venomoth,23,8,7,75,https://raw.githubusercontent.com/PokeAPI/sprites/master/sprites/pokemon/49.png,bug,poison
50,diglett,10,6,3,44,https://raw.githubusercontent.com/PokeAPI/sprites/master/sprites/pokemon/50.png,ground,N/A
51,dugtrio,11,12,6,70,https://raw.githubusercontent.com/PokeAPI/sprites/master/sprites/pokemon/51.png,ground,N/A
52,meowth,13,5,4,48,https://raw.githubusercontent.com/PokeAPI/sprites/master/sprites/pokemon/52.png,normal,N/A
53,persian,21,8,7,73,https://raw.githubusercontent.com/PokeAPI/sprites/master/sprites/pokemon/53.png,normal,N/A
54,psyduck,16,6,6,53,https://raw.githubusercontent.com/PokeAPI/sprites/master/sprites/pokemon/54.png,water,N/A
55,golduck,26,10,9,83,https://raw.githubusercontent.com/PokeAPI/sprites/master/sprites/pokemon/55.png,water,N/A
56,mankey,13,10,4,50,https://raw.githubusercontent.com/PokeAPI/sprites/master/sprites/pokemon/56.png,fighting,N/A
57,primeape,21,13,7,75,https://raw.githubusercontent.com/PokeAPI/sprites/master/sprites/pokemon/57.png,fighting,N/A
58,growlithe,18,8,5,58,https://raw.githubusercontent.com/PokeAPI/sprites/master/sprites/pokemon/58.png,fire,N/A
59,arcanine,30,13,10,92,https://raw.githubusercontent.com/PokeAPI/sprites/master/sprites/pokemon/59.png,fire,N/A
60,poliwag,13,6,5,50,https://raw.githubusercontent.com/PokeAPI/sprites/master/sprites/pokemon/60.png,water,N/A
61,poliwhirl,21,8,8,64,https://raw.githubusercontent.com/PokeAPI/sprites/master/sprites/pokemon/61.png,water,N/A
62,poliwrath,30,11,11,85,https://raw.githubusercontent.com/PokeAPI/sprites/master/sprites/pokemon/62.png,water,fighting
63,abra,10,5,3,51,https://raw.githubusercontent.com/PokeAPI/sprites/master/sprites/pokemon/63.png,psychic,N/A
64,kadabra,13,5,3,66,https://raw.githubusercontent.com/PokeAPI/sprites/master/sprites/pokemon/64.png,psychic,N/A
65,alakazam,18,6,5,83,https://raw.githubusercontent.com/PokeAPI/sprites/master/sprites/pokemon/65.png,psychic,N/A
66,machop,23,10,6,50,https://raw.githubusercontent.com/PokeAPI/sprites/master/sprites/pokemon/66.png,fighting,N/A
67,machoke,26,12,8,67,https://raw.githubusercontent.com/PokeAPI/sprites/master/sprites/pokemon/67.png,fighting,N/A
68,machamp,30,16,10,84,https://raw.githubusercontent.com/PokeAPI/sprites/master/sprites/pokemon/68.png,fighting,N/A
69,bellsprout,16,9,4,50,https://raw.githubusercontent.com/PokeAPI/sprites/master/sprites/pokemon/69.png,grass,poison
70,weepinbell,21,11,6,65,https://raw.githubusercontent.com/PokeAPI/sprites/master/sprites/pokemon/70.png,grass,poison
71,victreebel,26,13,8,81,https://raw.githubusercontent.com/PokeAPI/sprites/master/sprites/pokemon/71.png,grass,poison
72,tentacool,13,5,4,55,https://raw.githubusercontent.com/PokeAPI/sprites/master/sprites/pokemon/72.png,water,poison
73,tentacruel,26,8,8,85,https://raw.githubusercontent.com/PokeAPI/sprites/master/sprites/pokemon/73.png,water,poison
74,geodude,13,10,12,50,https://raw.githubusercontent.com/PokeAPI/sprites/master/sprites/pokemon/74.png,rock,ground
75,graveler,18,11,14,65,https://raw.githubusercontent.com/PokeAPI/sprites/master/sprites/pokemon/75.png,rock,ground
76,golem,26,15,16,82,https://raw.githubusercontent.com/PokeAPI/sprites/master/sprites/pokemon/76.png,rock,ground
77,ponyta,16,10,6,68,https://raw.githubusercontent.com/PokeAPI/sprites/master/sprites/pokemon/77.png,fire,N/A
78,rapidash,21,12,8,83,https://raw.githubusercontent.com/PokeAPI/sprites/master/sprites/pokemon/78.png,fire,N/A
79,slowpoke,30,8,8,52,https://raw.githubusercontent.com/PokeAPI/sprites/master/sprites/pokemon/79.png,water,psychic
80,slowbro,31,9,13,81,https://raw.githubusercontent.com/PokeAPI/sprites/master/sprites/pokemon/80.png,water,psychic
81,magnemite,10,5,8,54,https://raw.githubusercontent.com/PokeAPI/sprites/master/sprites/pokemon/81.png,electric,steel
82,magneton,16,7,11,77,https://raw.githubusercontent.com/PokeAPI/sprites/master/sprites/pokemon/82.png,electric,steel
83,farfetchd,17,11,6,62,https://raw.githubusercontent.com/PokeAPI/sprites/master/sprites/pokemon/83.png,normal,flying
84,doduo,11,10,5,51,https://raw.githubusercontent.com/PokeAPI/sprites/master/sprites/pokemon/84.png,normal,flying
85,dodrio,20,13,8,78,https://raw.githubusercontent.com/PokeAPI/sprites/master/sprites/pokemon/85.png,normal,flying
86,seel,21,5,6,54,https://raw.githubusercontent.com/PokeAPI/sprites/master/sprites/pokemon/86.png,water,N/A
87,dewgong,30,8,10,79,https://raw.githubusercontent.com/PokeAPI/sprites/master/sprites/pokemon/87.png,water,ice
88,grimer,26,10,6,54,https://raw.githubusercontent.com/PokeAPI/sprites/master/sprites/pokemon/88.png,poison,N/A
89,muk,35,13,9,83,https://raw.githubusercontent.com/PokeAPI/sprites/master/sprites/pokemon/89.png,poison,N/A
90,shellder,10,8,12,50,https://raw.githubusercontent.com/PokeAPI/sprites/master/sprites/pokemon/90.png,water,N/A
91,cloyster,16,11,22,87,https://raw.githubusercontent.com/PokeAPI/sprites/master/sprites/pokemon/91.png,water,ice
92,gastly,10,5,3,51,https://raw.githubusercontent.com/PokeAPI/sprites/master/sprites/pokemon/92.png,ghost,poison
93,haunter,15,6,5,67,https://raw.githubusercontent.com/PokeAPI/sprites/master/sprites/pokemon/93.png,ghost,poison
94,gengar,20,8,7,83,https://raw.githubusercontent.com/PokeAPI/sprites/master/sprites/pokemon/94.png,ghost,poison
95,onix,11,5,20,64,https://raw.githubusercontent.com/PokeAPI/sprites/master/sprites/pokemon/95.png,rock,ground
96,drowzee,20,6,5,54,https://raw.githubusercontent.com/PokeAPI/sprites/master/sprites/pokemon/96.png,psychic,N/A
97,hypno,28,9,8,80,https://raw.githubusercontent.com/PokeAPI/sprites/master/sprites/pokemon/97.png,psychic,N/A
98,krabby,10,13,11,54,https://raw.githubusercontent.com/PokeAPI/sprites/master/sprites/pokemon/98.png,water,N/A
99,kingler,18,16,14,79,https://raw.githubusercontent.com/PokeAPI/sprites/master/sprites/pokemon/99.png,water,N/A
100,voltorb,13,5,6,55,https://raw.githubusercontent.com/PokeAPI/sprites/master/sprites/pokemon/100.png,electric,N/A
101,electrode,20,6,8,81,https://raw.githubusercontent.com/PokeAPI/sprites/master/sprites/pokemon/101.png,electric,N/A
102,exeggcute,20,5,10,54,https://raw.githubusercontent.com/PokeAPI/sprites/master/sprites/pokemon/102.png,grass,psychic
103,exeggutor,31,11,10,88,https://raw.githubusercontent.com/PokeAPI/sprites/master/sprites/pokemon/103.png,grass,psychic
104,cubone,16,6,11,53,https://raw.githubusercontent.com/PokeAPI/sprites/master/sprites/pokemon/104.png,ground,N/A
105,marowak,20,10,13,70,https://raw.githubusercontent.com/PokeAPI/sprites/master/sprites/pokemon/105.png,ground,N/A
106,hitmonlee,16,15,6,75,https://raw.githubusercontent.com/PokeAPI/sprites/master/sprites/pokemon/106.png,fighting,N/A
107,hitmonchan,16,13,9,75,https://raw.githubusercontent.com/PokeAPI/sprites/master/sprites/pokemon/107.png,fighting,N/A
108,lickitung,30,6,9,64,https://raw.githubusercontent.com/PokeAPI/sprites/master/sprites/pokemon/108.png,normal,N/A
109,koffing,13,8,11,56,https://raw.githubusercontent.com/PokeAPI/sprites/master/sprites/pokemon/109.png,poison,N/A
110,weezing,21,11,15,81,https://raw.githubusercontent.com/PokeAPI/sprites/master/sprites/pokemon/110.png,poison,N/A
111,rhyhorn,26,10,11,57,https://raw.githubusercontent.com/PokeAPI/sprites/master/sprites/pokemon/111.png,ground,rock
112,rhydon,35,16,15,80,https://raw.githubusercontent.com/PokeAPI/sprites/master/sprites/pokemon/112.png,ground,rock
113,chansey,83,5,3,75,https://raw.githubusercontent.com/PokeAPI/sprites/master/sprites/pokemon/113.png,normal,N/A
114,tangela,21,6,14,72,https://raw.githubusercontent.com/PokeAPI/sprites/master/sprites/pokemon/114.png,grass,N/A
115,kangaskhan,35,11,10,81,https://raw.githubusercontent.com/PokeAPI/sprites/master/sprites/pokemon/115.png,normal,N/A
116,horsea,10,5,8,49,https://raw.githubusercontent.com/PokeAPI/sprites/master/sprites/pokemon/116.png,water,N/A
117,seadra,18,8,11,73,https://raw.githubusercontent.com/PokeAPI/sprites/master/sprites/pokemon/117.png,water,N/A
118,goldeen,15,8,7,53,https://raw.githubusercontent.com/PokeAPI/sprites/master/sprites/pokemon/118.png,water,N/A
119,seaking,26,11,8,75,https://raw.githubusercontent.com/PokeAPI/sprites/master/sprites/pokemon/119.png,water,N/A
120,staryu,10,5,6,56,https://raw.githubusercontent.com/PokeAPI/sprites/master/sprites/pokemon/120.png,water,N/A
121,starmie,20,9,10,86,https://raw.githubusercontent.com/PokeAPI/sprites/master/sprites/pokemon/121.png,water,psychic
122,mr-mime,13,5,8,76,https://raw.githubusercontent.com/PokeAPI/sprites/master/sprites/pokemon/122.png,psychic,fairy
123,scyther,23,13,10,83,https://raw.githubusercontent.com/PokeAPI/sprites/master/sprites/pokemon/123.png,bug,flying
124,jynx,21,6,4,75,https://raw.githubusercontent.com/PokeAPI/sprites/master/sprites/pokemon/124.png,ice,psychic
125,electabuzz,21,10,7,81,https://raw.githubusercontent.com/PokeAPI/sprites/master/sprites/pokemon/125.png,electric,N/A
126,magmar,21,11,7,82,https://raw.githubusercontent.com/PokeAPI/sprites/master/sprites/pokemon/126.png,fire,N/A
127,pinsir,21,15,12,83,https://raw.githubusercontent.com/PokeAPI/sprites/master/sprites/pokemon/127.png,bug,N/A
128,tauros,25,12,11,81,https://raw.githubusercontent.com/PokeAPI/sprites/master/sprites/pokemon/128.png,normal,N/A
129,magikarp,10,5,6,33,https://raw.githubusercontent.com/PokeAPI/sprites/master/sprites/pokemon/129.png,water,N/A
130,gyarados,31,15,9,90,https://raw.githubusercontent.com/PokeAPI/sprites/master/sprites/pokemon/130.png,water,flying
131,lapras,43,10,10,89,https://raw.githubusercontent.com/PokeAPI/sprites/master/sprites/pokemon/131.png,water,ice
132,ditto,16,6,6,48,https://raw.githubusercontent.com/PokeAPI/sprites/master/sprites/pokemon/132.png,normal,N/A
133,eevee,18,6,6,54,https://raw.githubusercontent.com/PokeAPI/sprites/master/sprites/pokemon/133.png,normal,N/A
134,vaporeon,43,8,7,87,https://raw.githubusercontent.com/PokeAPI/sprites/master/sprites/pokemon/134.png,water,N/A
135,jolteon,21,8,7,87,https://raw.githubusercontent.com/PokeAPI/sprites/master/sprites/pokemon/135.png,electric,N/A
136,flareon,21,16,7,87,https://raw.githubusercontent.com/PokeAPI/sprites/master/sprites/pokemon/136.png,fire,N/A
137,porygon,21,7,8,65,https://raw.githubusercontent.com/PokeAPI/sprites/master/sprites/pokemon/137.png,normal,N/A
138,omanyte,11,5,12,59,https://raw.githubusercontent.com/PokeAPI/sprites/master/sprites/pokemon/138.png,rock,water
139,omastar,23,7,15,82,https://raw.githubusercontent.com/PokeAPI/sprites/master/sprites/pokemon/139.png,rock,water
140,kabuto,10,10,11,59,https://raw.githubusercontent.com/PokeAPI/sprites/master/sprites/pokemon/140.png,rock,water
141,kabutops,20,14,13,82,https://raw.githubusercontent.com/PokeAPI/sprites/master/sprites/pokemon/141.png,rock,water
142,aerodactyl,26,13,8,85,https://raw.githubusercontent.com/PokeAPI/sprites/master/sprites/pokemon/142.png,rock,flying
143,snorlax,53,13,8,90,https://raw.githubusercontent.com/PokeAPI/sprites/master/sprites/pokemon/143.png,normal,N/A
144,articuno,30,10,12,96,https://raw.githubusercontent.com/PokeAPI/sprites/master/sprites/pokemon/144.png,ice,flying
145,zapdos,30,11,10,96,https://raw.githubusercontent.com/PokeAPI/sprites/master/sprites/pokemon/145.png,electric,flying
146,moltres,30,12,11,96,https://raw.githubusercontent.com/PokeAPI/sprites/master/sprites/pokemon/146.png,fire,flying
147,dratini,13,8,5,50,https://raw.githubusercontent.com/PokeAPI/sprites/master/sprites/pokemon/147.png,dragon,N/A
148,dragonair,20,10,8,70,https://raw.githubusercontent.com/PokeAPI/sprites/master/sprites/pokemon/148.png,dragon,N/A
149,dragonite,30,16,11,100,https://raw.githubusercontent.com/PokeAPI/sprites/master/sprites/pokemon/149.png,dragon,flying
150,mewtwo,35,13,11,113,https://raw.githubusercontent.com/PokeAPI/sprites/master/sprites/pokemon/150.png,psychic,N/A
151,mew,33,12,12,100,https://raw.githubusercontent.com/PokeAPI/sprites/master/sprites/pokemon/151.png,psychic,N/A
152,chikorita,15,6,8,53,https://raw.githubusercontent.com/PokeAPI/sprites/master/sprites/pokemon/152.png,grass,N/A
153,bayleef,20,7,10,67,https://raw.githubusercontent.com/PokeAPI/sprites/master/sprites/pokemon/153.png,grass,N/A
154,meganium,26,10,12,87,https://raw.githubusercontent.com/PokeAPI/sprites/master/sprites/pokemon/154.png,grass,N/A
155,cyndaquil,13,6,5,51,https://raw.githubusercontent.com/PokeAPI/sprites/master/sprites/pokemon/155.png,fire,N/A
156,quilava,19,8,7,67,https://raw.githubusercontent.com/PokeAPI/sprites/master/sprites/pokemon/156.png,fire,N/A
157,typhlosion,26,10,9,89,https://raw.githubusercontent.com/PokeAPI/sprites/master/sprites/pokemon/157.png,fire,N/A
158,totodile,16,8,8,52,https://raw.githubusercontent.com/PokeAPI/sprites/master/sprites/pokemon/158.png,water,N/A
159,croconaw,21,10,10,67,https://raw.githubusercontent.com/PokeAPI/sprites/master/sprites/pokemon/159.png,water,N/A
160,feraligatr,28,13,12,88,https://raw.githubusercontent.com/PokeAPI/sprites/master/sprites/pokemon/160.png,water,N/A
161,sentret,11,5,4,35,https://raw.githubusercontent.com/PokeAPI/sprites/master/sprites/pokemon/161.png,normal,N/A
162,furret,28,9,8,69,https://raw.githubusercontent.com/PokeAPI/sprites/master/sprites/pokemon/162.png,normal,N/A
163,hoothoot,20,5,3,43,https://raw.githubusercontent.com/PokeAPI/sprites/master/sprites/pokemon/163.png,normal,flying
164,noctowl,33,6,6,75,https://raw.githubusercontent.com/PokeAPI/sprites/master/sprites/pokemon/164.png,normal,flying
165,ledyba,13,5,3,44,https://raw.githubusercontent.com/PokeAPI/sprites/master/sprites/pokemon/165.png,bug,flying
166,ledian,18,5,6,65,https://raw.githubusercontent.com/PokeAPI/sprites/master/sprites/pokemon/166.png,bug,flying
167,spinarak,13,7,5,41,https://raw.githubusercontent.com/PokeAPI/sprites/master/sprites/pokemon/167.png,bug,poison
168,ariados,23,11,8,66,https://raw.githubusercontent.com/PokeAPI/sprites/master/sprites/pokemon/168.png,bug,poison
169,crobat,28,11,10,89,https://raw.githubusercontent.com/PokeAPI/sprites/master/sprites/pokemon/169.png,poison,flying
170,chinchou,25,5,4,55,https://raw.githubusercontent.com/PokeAPI/sprites/master/sprites/pokemon/170.png,water,electric
171,lanturn,41,7,7,76,https://raw.githubusercontent.com/PokeAPI/sprites/master/sprites/pokemon/171.png,water,electric
172,pichu,10,5,3,34,https://raw.githubusercontent.com/PokeAPI/sprites/master/sprites/pokemon/172.png,electric,N/A
173,cleffa,16,5,3,36,https://raw.githubusercontent.com/PokeAPI/sprites/master/sprites/pokemon/173.png,fairy,N/A
174,igglybuff,30,5,3,35,https://raw.githubusercontent.com/PokeAPI/sprites/master/sprites/pokemon/174.png,normal,fairy
175,togepi,11,5,8,40,https://raw.githubusercontent.com/PokeAPI/sprites/master/sprites/pokemon/175.png,fairy,N/A
176,togetic,18,5,10,67,https://raw.githubusercontent.com/PokeAPI/sprites/master/sprites/pokemon/176.png,fairy,flying
177,natu,13,6,5,53,https://raw.githubusercontent.com/PokeAPI/sprites/master/sprites/pokemon/177.png,psychic,flying
178,xatu,21,9,8,78,https://raw.githubusercontent.com/PokeAPI/sprites/master/sprites/pokemon/178.png,psychic,flying
179,mareep,18,5,5,46,https://raw.githubusercontent.com/PokeAPI/sprites/master/sprites/pokemon/179.png,electric,N/A
180,flaaffy,23,6,6,60,https://raw.githubusercontent.com/PokeAPI/sprites/master/sprites/pokemon/180.png,electric,N/A
181,ampharos,30,9,10,85,https://raw.githubusercontent.com/PokeAPI/sprites/master/sprites/pokemon/181.png,electric,N/A
182,bellossom,25,10,11,81,https://raw.githubusercontent.com/PokeAPI/sprites/master/sprites/pokemon/182.png,grass,N/A
183,marill,23,5,6,41,https://raw.githubusercontent.com/PokeAPI/sprites/master/sprites/pokemon/183.png,water,fairy
184,azumarill,33,6,10,70,https://raw.githubusercontent.com/PokeAPI/sprites/master/sprites/pokemon/184.png,water,fairy
185,sudowoodo,23,12,14,68,https://raw.githubusercontent.com/PokeAPI/sprites/master/sprites/pokemon/185.png,rock,N/A
186,politoed,30,9,9,83,https://raw.githubusercontent.com/PokeAPI/sprites/master/sprites/pokemon/186.png,water,N/A
187,hoppip,11,5,5,41,https://raw.githubusercontent.com/PokeAPI/sprites/master/sprites/pokemon/187.png,grass,flying
188,skiploom,18,5,6,56,https://raw.githubusercontent.com/PokeAPI/sprites/master/sprites/pokemon/188.png,grass,flying
189,jumpluff,25,6,8,76,https://raw.githubusercontent.com/PokeAPI/sprites/master/sprites/pokemon/189.png,grass,flying
190,aipom,18,8,6,60,https://raw.githubusercontent.com/PokeAPI/sprites/master/sprites/pokemon/190.png,normal,N/A
191,sunkern,10,5,3,30,https://raw.githubusercontent.com/PokeAPI/sprites/master/sprites/pokemon/191.png,grass,N/A
192,sunflora,25,9,6,70,https://raw.githubusercontent.com/PokeAPI/sprites/master/sprites/pokemon/192.png,grass,N/A
193,yanma,21,8,5,65,https://raw.githubusercontent.com/PokeAPI/sprites/master/sprites/pokemon/193.png,bug,flying
194,wooper,18,5,5,35,https://raw.githubusercontent.com/PokeAPI/sprites/master/sprites/pokemon/194.png,water,ground
195,quagsire,31,10,10,71,https://raw.githubusercontent.com/PokeAPI/sprites/master/sprites/pokemon/195.png,water,ground
196,espeon,21,8,7,87,https://raw.githubusercontent.com/PokeAPI/sprites/master/sprites/pokemon/196.png,psychic,N/A
197,umbreon,31,8,13,87,https://raw.githubusercontent.com/PokeAPI/sprites/master/sprites/pokemon/197.png,dark,N/A
198,murkrow,20,10,5,67,https://raw.githubusercontent.com/PokeAPI/sprites/master/sprites/pokemon/198.png,dark,flying
199,slowking,31,9,10,81,https://raw.githubusercontent.com/PokeAPI/sprites/master/sprites/pokemon/199.png,water,psychic
200,misdreavus,20,7,7,72,https://raw.githubusercontent.com/PokeAPI/sprites/master/sprites/pokemon/200.png,ghost,N/A
201,unown,16,9,6,56,https://raw.githubusercontent.com/PokeAPI/sprites/master/sprites/pokemon/201.png,psychic,N/A
202,wobbuffet,63,5,7,67,https://raw.githubusercontent.com/PokeAPI/sprites/master/sprites/pokemon/202.png,psychic,N/A
203,girafarig,23,10,8,75,https://raw.githubusercontent.com/PokeAPI/sprites/master/sprites/pokemon/203.png,normal,psychic
204,pineco,16,8,11,48,https://raw.githubusercontent.com/PokeAPI/sprites/master/sprites/pokemon/204.png,bug,N/A
205,forretress,25,11,17,77,https://raw.githubusercontent.com/PokeAPI/sprites/master/sprites/pokemon/205.png,bug,steel
206,dunsparce,33,8,8,69,https://raw.githubusercontent.com/PokeAPI/sprites/master/sprites/pokemon/206.png,normal,N/A
207,gligar,21,9,13,71,https://raw.githubusercontent.com/PokeAPI/sprites/master/sprites/pokemon/207.png,ground,flying
208,steelix,25,10,25,85,https://raw.githubusercontent.com/PokeAPI/sprites/master/sprites/pokemon/208.png,steel,ground
209,snubbull,20,10,6,50,https://raw.githubusercontent.com/PokeAPI/sprites/master/sprites/pokemon/209.png,fairy,N/A
210,granbull,30,15,9,75,https://raw.githubusercontent.com/PokeAPI/sprites/master/sprites/pokemon/210.png,fairy,N/A
211,qwilfish,21,11,10,73,https://raw.githubusercontent.com/PokeAPI/sprites/master/sprites/pokemon/211.png,water,poison
212,scizor,23,16,12,83,https://raw.githubusercontent.com/PokeAPI/sprites/master/sprites/pokemon/212.png,bug,steel
213,shuckle,10,5,28,84,https://raw.githubusercontent.com/PokeAPI/sprites/master/sprites/pokemon/213.png,bug,rock
214,heracross,26,15,9,83,https://raw.githubusercontent.com/PokeAPI/sprites/master/sprites/pokemon/214.png,bug,fighting
215,sneasel,18,11,6,71,https://raw.githubusercontent.com/PokeAPI/sprites/master/sprites/pokemon/215.png,dark,ice
216,teddiursa,20,10,6,55,https://raw.githubusercontent.com/PokeAPI/sprites/master/sprites/pokemon/216.png,normal,N/A
217,ursaring,30,16,9,83,https://raw.githubusercontent.com/PokeAPI/sprites/master/sprites/pokemon/217.png,normal,N/A
218,slugma,13,5,5,41,https://raw.githubusercontent.com/PokeAPI/sprites/master/sprites/pokemon/218.png,fire,N/A
219,magcargo,20,6,15,71,https://raw.githubusercontent.com/PokeAPI/sprites/master/sprites/pokemon/219.png,fire,rock
220,swinub,16,6,5,41,https://raw.githubusercontent.com/PokeAPI/sprites/master/sprites/pokemon/220.png,ice,ground
221,piloswine,33,12,10,75,https://raw.githubusercontent.com/PokeAPI/sprites/master/sprites/pokemon/221.png,ice,ground
222,corsola,21,6,11,68,https://raw.githubusercontent.com/PokeAPI/sprites/master/sprites/pokemon/222.png,water,rock
223,remoraid,11,8,4,50,https://raw.githubusercontent.com/PokeAPI/sprites/master/sprites/pokemon/223.png,water,N/A
224,octillery,25,13,9,80,https://raw.githubusercontent.com/PokeAPI/sprites/master/sprites/pokemon/224.png,water,N/A
225,delibird,15,6,5,55,https://raw.githubusercontent.com/PokeAPI/sprites/master/sprites/pokemon/225.png,ice,flying
226,mantine,28,5,8,80,https://raw.githubusercontent.com/PokeAPI/sprites/master/sprites/pokemon/226.png,water,flying
227,skarmory,21,10,17,77,https://raw.githubusercontent.com/PokeAPI/sprites/master/sprites/pokemon/227.png,steel,flying
228,houndour,15,7,3,55,https://raw.githubusercontent.com/PokeAPI/sprites/master/sprites/pokemon/228.png,dark,fire
229,houndoom,25,11,6,83,https://raw.githubusercontent.com/PokeAPI/sprites/master/sprites/pokemon/229.png,dark,fire
230,kingdra,25,11,11,90,https://raw.githubusercontent.com/PokeAPI/sprites/master/sprites/pokemon/230.png,water,dragon
231,phanpy,30,7,7,55,https://raw.githubusercontent.com/PokeAPI/sprites/master/sprites/pokemon/231.png,ground,N/A
232,donphan,30,15,15,83,https://raw.githubusercontent.com/PokeAPI/sprites/master/sprites/pokemon/232.png,ground,N/A
233,porygon2,28,10,11,85,https://raw.githubusercontent.com/PokeAPI/sprites/master/sprites/pokemon/233.png,normal,N/A
234,stantler,24,11,7,77,https://raw.githubusercontent.com/PokeAPI/sprites/master/sprites/pokemon/234.png,normal,N/A
235,smeargle,18,5,4,41,https://raw.githubusercontent.com/PokeAPI/sprites/master/sprites/pokemon/235.png,normal,N/A
236,tyrogue,11,5,4,35,https://raw.githubusercontent.com/PokeAPI/sprites/master/sprites/pokemon/236.png,fighting,N/A
237,hitmontop,16,11,11,75,https://raw.githubusercontent.com/PokeAPI/sprites/master/sprites/pokemon/237.png,fighting,N/A
238,smoochum,15,5,3,50,https://raw.githubusercontent.com/PokeAPI/sprites/master/sprites/pokemon/238.png,ice,psychic
239,elekid,15,7,4,60,https://raw.githubusercontent.com/PokeAPI/sprites/master/sprites/pokemon/239.png,electric,N/A
240,magby,15,9,4,60,https://raw.githubusercontent.com/PokeAPI/sprites/master/sprites/pokemon/240.png,fire,N/A
241,miltank,31,10,13,81,https://raw.githubusercontent.com/PokeAPI/sprites/master/sprites/pokemon/241.png,normal,N/A
242,blissey,85,5,3,90,https://raw.githubusercontent.com/PokeAPI/sprites/master/sprites/pokemon/242.png,normal,N/A
243,raikou,30,10,9,96,https://raw.githubusercontent.com/PokeAPI/sprites/master/sprites/pokemon/243.png,electric,N/A
244,entei,38,14,10,96,https://raw.githubusercontent.com/PokeAPI/sprites/master/sprites/pokemon/244.png,fire,N/A
245,suicune,33,9,14,96,https://raw.githubusercontent.com/PokeAPI/sprites/master/sprites/pokemon/245.png,water,N/A
246,larvitar,16,8,6,50,https://raw.githubusercontent.com/PokeAPI/sprites/master/sprites/pokemon/246.png,rock,ground
247,pupitar,23,10,8,68,https://raw.githubusercontent.com/PokeAPI/sprites/master/sprites/pokemon/247.png,rock,ground
248,tyranitar,33,16,13,100,https://raw.githubusercontent.com/PokeAPI/sprites/master/sprites/pokemon/248.png,rock,dark
249,lugia,35,11,16,113,https://raw.githubusercontent.com/PokeAPI/sprites/master/sprites/pokemon/249.png,psychic,flying
250,ho-oh,35,16,11,113,https://raw.githubusercontent.com/PokeAPI/sprites/master/sprites/pokemon/250.png,fire,flying
251,celebi,33,12,12,100,https://raw.githubusercontent.com/PokeAPI/sprites/master/sprites/pokemon/251.png,psychic,grass
252,treecko,13,5,4,51,https://raw.githubusercontent.com/PokeAPI/sprites/master/sprites/pokemon/252.png,grass,N/A
253,grovyle,16,8,5,67,https://raw.githubusercontent.com/PokeAPI/sprites/master/sprites/pokemon/253.png,grass,N/A
254,sceptile,23,10,8,88,https://raw.githubusercontent.com/PokeAPI/sprites/master/sprites/pokemon/254.png,grass,N/A
255,torchic,15,7,5,51,https://raw.githubusercontent.com/PokeAPI/sprites/master/sprites/pokemon/255.png,fire,N/A
256,combusken,20,10,7,67,https://raw.githubusercontent.com/PokeAPI/sprites/master/sprites/pokemon/256.png,fire,fighting
257,blaziken,26,15,8,88,https://raw.githubusercontent.com/PokeAPI/sprites/master/sprites/pokemon/257.png,fire,fighting
258,mudkip,16,8,6,51,https://raw.githubusercontent.com/PokeAPI/sprites/master/sprites/pokemon/258.png,water,N/A
259,marshtomp,23,10,8,67,https://raw.githubusercontent.com/PokeAPI/sprites/master/sprites/pokemon/259.png,water,ground
260,swampert,33,13,11,89,https://raw.githubusercontent.com/PokeAPI/sprites/master/sprites/pokemon/260.png,water,ground
261,poochyena,11,6,4,36,https://raw.githubusercontent.com/PokeAPI/sprites/master/sprites/pokemon/261.png,dark,N/A
262,mightyena,23,11,8,70,https://raw.githubusercontent.com/PokeAPI/sprites/master/sprites/pokemon/262.png,dark,N/A
263,zigzagoon,12,5,5,40,https://raw.githubusercontent.com/PokeAPI/sprites/master/sprites/pokemon/263.png,normal,N/A
264,linoone,26,8,7,70,https://raw.githubusercontent.com/PokeAPI/sprites/master/sprites/pokemon/264.png,normal,N/A
265,wurmple,15,5,4,32,https://raw.githubusercontent.com/PokeAPI/sprites/master/sprites/pokemon/265.png,bug,N/A
266,silcoon,16,5,6,34,https://raw.githubusercontent.com/PokeAPI/sprites/master/sprites/pokemon/266.png,bug,N/A
267,beautifly,20,8,6,65,https://raw.githubusercontent.com/PokeAPI/sprites/master/sprites/pokemon/267.png,bug,flying
268,cascoon,16,5,6,34,https://raw.githubusercontent.com/PokeAPI/sprites/master/sprites/pokemon/268.png,bug,N/A
269,dustox,20,6,8,64,https://raw.githubusercontent.com/PokeAPI/sprites/master/sprites/pokemon/269.png,bug,poison
270,lotad,13,5,3,36,https://raw.githubusercontent.com/PokeAPI/sprites/master/sprites/pokemon/270.png,water,grass
271,lombre,20,6,6,56,https://raw.githubusercontent.com/PokeAPI/sprites/master/sprites/pokemon/271.png,water,grass
272,ludicolo,26,8,8,80,https://raw.githubusercontent.com/PokeAPI/sprites/master/sprites/pokemon/272.png,water,grass
273,seedot,13,5,6,36,https://raw.githubusercontent.com/PokeAPI/sprites/master/sprites/pokemon/273.png,grass,N/A
274,nuzleaf,23,8,5,56,https://raw.githubusercontent.com/PokeAPI/sprites/master/sprites/pokemon/274.png,grass,dark
275,shiftry,30,12,7,80,https://raw.githubusercontent.com/PokeAPI/sprites/master/sprites/pokemon/275.png,grass,dark
276,taillow,13,6,3,45,https://raw.githubusercontent.com/PokeAPI/sprites/master/sprites/pokemon/276.png,normal,flying
277,swellow,20,10,7,75,https://raw.githubusercontent.com/PokeAPI/sprites/master/sprites/pokemon/277.png,normal,flying
278,wingull,13,5,3,45,https://raw.githubusercontent.com/PokeAPI/sprites/master/sprites/pokemon/278.png,water,flying
279,pelipper,20,6,12,73,https://raw.githubusercontent.com/PokeAPI/sprites/master/sprites/pokemon/279.png,water,flying
280,ralts,10,5,3,33,https://raw.githubusercontent.com/PokeAPI/sprites/master/sprites/pokemon/280.png,psychic,fairy
281,kirlia,12,5,4,46,https://raw.githubusercontent.com/PokeAPI/sprites/master/sprites/pokemon/281.png,psychic,fairy
282,gardevoir,22,8,8,86,https://raw.githubusercontent.com/PokeAPI/sprites/master/sprites/pokemon/282.png,psychic,fairy
283,surskit,13,5,4,44,https://raw.githubusercontent.com/PokeAPI/sprites/master/sprites/pokemon/283.png,bug,water
284,masquerain,23,7,7,75,https://raw.githubusercontent.com/PokeAPI/sprites/master/sprites/pokemon/284.png,bug,flying
285,shroomish,20,5,7,49,https://raw.githubusercontent.com/PokeAPI/sprites/master/sprites/pokemon/285.png,grass,N/A
286,breloom,20,16,10,76,https://raw.githubusercontent.com/PokeAPI/sprites/master/sprites/pokemon/286.png,grass,fighting
287,slakoth,20,7,7,46,https://raw.githubusercontent.com/PokeAPI/sprites/master/sprites/pokemon/287.png,normal,N/A
288,vigoroth,26,10,10,73,https://raw.githubusercontent.com/PokeAPI/sprites/master/sprites/pokemon/288.png,normal,N/A
289,slaking,50,20,12,111,https://raw.githubusercontent.com/PokeAPI/sprites/master/sprites/pokemon/289.png,normal,N/A
290,nincada,10,5,11,44,https://raw.githubusercontent.com/PokeAPI/sprites/master/sprites/pokemon/290.png,bug,ground
291,ninjask,20,11,5,76,https://raw.githubusercontent.com/PokeAPI/sprites/master/sprites/pokemon/291.png,bug,flying
292,shedinja,10,11,5,39,https://raw.githubusercontent.com/PokeAPI/sprites/master/sprites/pokemon/292.png,bug,ghost
293,whismur,21,6,3,40,https://raw.githubusercontent.com/PokeAPI/sprites/master/sprites/pokemon/293.png,normal,N/A
294,loudred,28,8,5,60,https://raw.githubusercontent.com/PokeAPI/sprites/master/sprites/pokemon/294.png,normal,N/A
295,exploud,34,11,7,81,https://raw.githubusercontent.com/PokeAPI/sprites/master/sprites/pokemon/295.png,normal,N/A
296,makuhita,24,7,3,39,https://raw.githubusercontent.com/PokeAPI/sprites/master/sprites/pokemon/296.png,fighting,N/A
297,hariyama,48,15,7,79,https://raw.githubusercontent.com/PokeAPI/sprites/master/sprites/pokemon/297.png,fighting,N/A
298,azurill,16,5,5,31,https://raw.githubusercontent.com/PokeAPI/sprites/master/sprites/pokemon/298.png,normal,fairy
299,nosepass,10,5,16,62,https://raw.githubusercontent.com/PokeAPI/sprites/master/sprites/pokemon/299.png,rock,N/A
300,skitty,16,5,5,43,https://raw.githubusercontent.com/PokeAPI/sprites/master/sprites/pokemon/300.png,normal,N/A
301,delcatty,23,8,8,66,https://raw.githubusercontent.com/PokeAPI/sprites/master/sprites/pokemon/301.png,normal,N/A
302,sableye,16,9,9,63,https://raw.githubusercontent.com/PokeAPI/sprites/master/sprites/pokemon/302.png,dark,ghost
303,mawile,16,10,10,63,https://raw.githubusercontent.com/PokeAPI/sprites/master/sprites/pokemon/303.png,steel,fairy
304,aron,16,8,12,55,https://raw.githubusercontent.com/PokeAPI/sprites/master/sprites/pokemon/304.png,steel,rock
305,lairon,20,11,17,71,https://raw.githubusercontent.com/PokeAPI/sprites/master/sprites/pokemon/305.png,steel,rock
306,aggron,23,13,22,88,https://raw.githubusercontent.com/PokeAPI/sprites/master/sprites/pokemon/306.png,steel,rock
307,meditite,10,5,6,46,https://raw.githubusercontent.com/PokeAPI/sprites/master/sprites/pokemon/307.png,fighting,psychic
308,medicham,20,7,9,68,https://raw.githubusercontent.com/PokeAPI/sprites/master/sprites/pokemon/308.png,fighting,psychic
309,electrike,13,5,5,49,https://raw.githubusercontent.com/PokeAPI/sprites/master/sprites/pokemon/309.png,electric,N/A
310,manectric,23,9,7,79,https://raw.githubusercontent.com/PokeAPI/sprites/master/sprites/pokemon/310.png,electric,N/A
311,plusle,20,6,5,67,https://raw.githubusercontent.com/PokeAPI/sprites/master/sprites/pokemon/311.png,electric,N/A
312,minun,20,5,6,67,https://raw.githubusercontent.com/PokeAPI/sprites/master/sprites/pokemon/312.png,electric,N/A
313,volbeat,21,9,9,71,https://raw.githubusercontent.com/PokeAPI/sprites/master/sprites/pokemon/313.png,bug,N/A
314,illumise,21,5,9,71,https://raw.githubusercontent.com/PokeAPI/sprites/master/sprites/pokemon/314.png,bug,N/A
315,roselia,16,7,5,66,https://raw.githubusercontent.com/PokeAPI/sprites/master/sprites/pokemon/315.png,grass,poison
316,gulpin,23,5,6,50,https://raw.githubusercontent.com/PokeAPI/sprites/master/sprites/pokemon/316.png,poison,N/A
317,swalot,33,9,10,77,https://raw.githubusercontent.com/PokeAPI/sprites/master/sprites/pokemon/317.png,poison,N/A
318,carvanha,15,11,3,50,https://raw.githubusercontent.com/PokeAPI/sprites/master/sprites/pokemon/318.png,water,dark
319,sharpedo,23,15,5,76,https://raw.githubusercontent.com/PokeAPI/sprites/master/sprites/pokemon/319.png,water,dark
320,wailmer,43,8,4,66,https://raw.githubusercontent.com/PokeAPI/sprites/master/sprites/pokemon/320.png,water,N/A
321,wailord,56,11,5,83,https://raw.githubusercontent.com/PokeAPI/sprites/master/sprites/pokemon/321.png,water,N/A
322,numel,20,7,5,50,https://raw.githubusercontent.com/PokeAPI/sprites/master/sprites/pokemon/322.png,fire,ground
323,camerupt,23,12,8,76,https://raw.githubusercontent.com/PokeAPI/sprites/master/sprites/pokemon/323.png,fire,ground
324,torkoal,23,10,17,78,https://raw.githubusercontent.com/PokeAPI/sprites/master/sprites/pokemon/324.png,fire,N/A
325,spoink,20,5,4,55,https://raw.githubusercontent.com/PokeAPI/sprites/master/sprites/pokemon/325.png,psychic,N/A
326,grumpig,26,5,8,78,https://raw.githubusercontent.com/PokeAPI/sprites/master/sprites/pokemon/326.png,psychic,N/A
327,spinda,20,7,7,60,https://raw.githubusercontent.com/PokeAPI/sprites/master/sprites/pokemon/327.png,normal,N/A
328,trapinch,15,12,5,48,https://raw.githubusercontent.com/PokeAPI/sprites/master/sprites/pokemon/328.png,ground,N/A
329,vibrava,16,8,6,56,https://raw.githubusercontent.com/PokeAPI/sprites/master/sprites/pokemon/329.png,ground,dragon
330,flygon,26,12,10,86,https://raw.githubusercontent.com/PokeAPI/sprites/master/sprites/pokemon/330.png,ground,dragon
331,cacnea,16,10,5,55,https://raw.githubusercontent.com/PokeAPI/sprites/master/sprites/pokemon/331.png,grass,N/A
332,cacturne,23,14,7,79,https://raw.githubusercontent.com/PokeAPI/sprites/master/sprites/pokemon/332.png,grass,dark
333,swablu,15,5,7,51,https://raw.githubusercontent.com/PokeAPI/sprites/master/sprites/pokemon/333.png,normal,flying
334,altaria,25,8,11,81,https://raw.githubusercontent.com/PokeAPI/sprites/master/sprites/pokemon/334.png,dragon,flying
335,zangoose,24,14,7,76,https://raw.githubusercontent.com/PokeAPI/sprites/master/sprites/pokemon/335.png,normal,N/A
336,seviper,24,12,7,76,https://raw.githubusercontent.com/PokeAPI/sprites/master/sprites/pokemon/336.png,poison,N/A
337,lunatone,30,6,8,76,https://raw.githubusercontent.com/PokeAPI/sprites/master/sprites/pokemon/337.png,rock,psychic
338,solrock,30,11,10,76,https://raw.githubusercontent.com/PokeAPI/sprites/master/sprites/pokemon/338.png,rock,psychic
339,barboach,16,6,5,48,https://raw.githubusercontent.com/PokeAPI/sprites/master/sprites/pokemon/339.png,water,ground
340,whiscash,36,9,9,78,https://raw.githubusercontent.com/PokeAPI/sprites/master/sprites/pokemon/340.png,water,ground
341,corphish,14,10,8,51,https://raw.githubusercontent.com/PokeAPI/sprites/master/sprites/pokemon/341.png,water,N/A
342,crawdaunt,21,15,10,78,https://raw.githubusercontent.com/PokeAPI/sprites/master/sprites/pokemon/342.png,water,dark
343,baltoy,13,5,6,50,https://raw.githubusercontent.com/PokeAPI/sprites/master/sprites/pokemon/343.png,ground,psychic
344,claydol,20,8,13,83,https://raw.githubusercontent.com/PokeAPI/sprites/master/sprites/pokemon/344.png,ground,psychic
345,lileep,22,5,9,59,https://raw.githubusercontent.com/PokeAPI/sprites/master/sprites/pokemon/345.png,rock,grass
346,cradily,28,10,12,82,https://raw.githubusercontent.com/PokeAPI/sprites/master/sprites/pokemon/346.png,rock,grass
347,anorith,15,11,6,59,https://raw.githubusercontent.com/PokeAPI/sprites/master/sprites/pokemon/347.png,rock,bug
348,armaldo,25,15,12,82,https://raw.githubusercontent.com/PokeAPI/sprites/master/sprites/pokemon/348.png,rock,bug
349,feebas,10,5,3,33,https://raw.githubusercontent.com/PokeAPI/sprites/master/sprites/pokemon/349.png,water,N/A
350,milotic,31,7,9,90,https://raw.githubusercontent.com/PokeAPI/sprites/master/sprites/pokemon/350.png,water,N/A
351,castform,23,8,8,70,https://raw.githubusercontent.com/PokeAPI/sprites/master/sprites/pokemon/351.png,normal,N/A
352,kecleon,20,11,8,73,https://raw.githubusercontent.com/PokeAPI/sprites/master/sprites/pokemon/352.png,normal,N/A
353,shuppet,14,9,4,49,https://raw.githubusercontent.com/PokeAPI/sprites/master/sprites/pokemon/353.png,ghost,N/A
354,banette,21,14,8,75,https://raw.githubusercontent.com/PokeAPI/sprites/master/sprites/pokemon/354.png,ghost,N/A
355,duskull,10,5,11,49,https://raw.githubusercontent.com/PokeAPI/sprites/master/sprites/pokemon/355.png,ghost,N/A
356,dusclops,13,8,16,75,https://raw.githubusercontent.com/PokeAPI/sprites/master/sprites/pokemon/356.png,ghost,N/A
357,tropius,33,8,10,76,https://raw.githubusercontent.com/PokeAPI/sprites/master/sprites/pokemon/357.png,grass,flying
358,chimecho,25,6,10,75,https://raw.githubusercontent.com/PokeAPI/sprites/master/sprites/pokemon/358.png,psychic,N/A
359,absol,21,16,7,77,https://raw.githubusercontent.com/PokeAPI/sprites/master/sprites/pokemon/359.png,dark,N/A
360,wynaut,31,5,6,43,https://raw.githubusercontent.com/PokeAPI/sprites/master/sprites/pokemon/360.png,psychic,N/A
361,snorunt,16,6,6,50,https://raw.githubusercontent.com/PokeAPI/sprites/master/sprites/pokemon/361.png,ice,N/A
362,glalie,26,10,10,80,https://raw.githubusercontent.com/PokeAPI/sprites/master/sprites/pokemon/362.png,ice,N/A
363,spheal,23,5,6,48,https://raw.githubusercontent.com/PokeAPI/sprites/master/sprites/pokemon/363.png,ice,water
364,sealeo,30,7,8,68,https://raw.githubusercontent.com/PokeAPI/sprites/master/sprites/pokemon/364.png,ice,water
365,walrein,36,10,11,88,https://raw.githubusercontent.com/PokeAPI/sprites/master/sprites/pokemon/365.png,ice,water
366,clamperl,11,8,10,57,https://raw.githubusercontent.com/PokeAPI/sprites/master/sprites/pokemon/366.png,water,N/A
367,huntail,18,13,13,80,https://raw.githubusercontent.com/PokeAPI/sprites/master/sprites/pokemon/367.png,water,N/A
368,gorebyss,18,10,13,80,https://raw.githubusercontent.com/PokeAPI/sprites/master/sprites/pokemon/368.png,water,N/A
369,relicanth,33,11,16,80,https://raw.githubusercontent.com/PokeAPI/sprites/master/sprites/pokemon/369.png,water,rock
370,luvdisc,14,5,6,55,https://raw.githubusercontent.com/PokeAPI/sprites/master/sprites/pokemon/370.png,water,N/A
371,bagon,15,9,7,50,https://raw.githubusercontent.com/PokeAPI/sprites/master/sprites/pokemon/371.png,dragon,N/A
372,shelgon,21,11,12,70,https://raw.githubusercontent.com/PokeAPI/sprites/master/sprites/pokemon/372.png,dragon,N/A
373,salamence,31,16,10,100,https://raw.githubusercontent.com/PokeAPI/sprites/master/sprites/pokemon/373.png,dragon,flying
374,beldum,13,6,10,50,https://raw.githubusercontent.com/PokeAPI/sprites/master/sprites/pokemon/374.png,steel,psychic
375,metang,20,9,12,70,https://raw.githubusercontent.com/PokeAPI/sprites/master/sprites/pokemon/375.png,steel,psychic
376,metagross,26,16,16,100,https://raw.githubusercontent.com/PokeAPI/sprites/master/sprites/pokemon/376.png,steel,psychic
377,regirock,26,12,25,96,https://raw.githubusercontent.com/PokeAPI/sprites/master/sprites/pokemon/377.png,rock,N/A
378,regice,26,6,12,96,https://raw.githubusercontent.com/PokeAPI/sprites/master/sprites/pokemon/378.png,ice,N/A
379,registeel,26,9,18,96,https://raw.githubusercontent.com/PokeAPI/sprites/master/sprites/pokemon/379.png,steel,N/A
380,latias,26,10,11,100,https://raw.githubusercontent.com/PokeAPI/sprites/master/sprites/pokemon/380.png,dragon,psychic
381,latios,26,11,10,100,https://raw.githubusercontent.com/PokeAPI/sprites/master/sprites/pokemon/381.png,dragon,psychic
382,kyogre,33,12,11,111,https://raw.githubusercontent.com/PokeAPI/sprites/master/sprites/pokemon/382.png,water,N/A
383,groudon,33,18,17,111,https://raw.githubusercontent.com/PokeAPI/sprites/master/sprites/pokemon/383.png,ground,N/A
384,rayquaza,35,18,11,113,https://raw.githubusercontent.com/PokeAPI/sprites/master/sprites/pokemon/384.png,dragon,flying
385,jirachi,33,12,12,100,https://raw.githubusercontent.com/PokeAPI/sprites/master/sprites/pokemon/385.png,steel,psychic
386,deoxys-normal,16,18,6,100,https://raw.githubusercontent.com/PokeAPI/sprites/master/sprites/pokemon/386.png,psychic,N/A
387,turtwig,18,8,8,53,https://raw.githubusercontent.com/PokeAPI/sprites/master/sprites/pokemon/387.png,grass,N/A
388,grotle,25,11,10,67,https://raw.githubusercontent.com/PokeAPI/sprites/master/sprites/pokemon/388.png,grass,N/A
389,torterra,31,13,13,87,https://raw.githubusercontent.com/PokeAPI/sprites/master/sprites/pokemon/389.png,grass,ground
390,chimchar,14,7,5,51,https://raw.githubusercontent.com/PokeAPI/sprites/master/sprites/pokemon/390.png,fire,N/A
391,monferno,21,9,6,67,https://raw.githubusercontent.com/PokeAPI/sprites/master/sprites/pokemon/391.png,fire,fighting
392,infernape,25,13,8,89,https://raw.githubusercontent.com/PokeAPI/sprites/master/sprites/pokemon/392.png,fire,fighting
393,piplup,17,6,6,52,https://raw.githubusercontent.com/PokeAPI/sprites/master/sprites/pokemon/393.png,water,N/A
394,prinplup,21,8,8,67,https://raw.githubusercontent.com/PokeAPI/sprites/master/sprites/pokemon/394.png,water,N/A
395,empoleon,28,10,11,88,https://raw.githubusercontent.com/PokeAPI/sprites/master/sprites/pokemon/395.png,water,steel
396,starly,13,6,3,40,https://raw.githubusercontent.com/PokeAPI/sprites/master/sprites/pokemon/396.png,normal,flying
397,staravia,18,9,6,56,https://raw.githubusercontent.com/PokeAPI/sprites/master/sprites/pokemon/397.png,normal,flying
398,staraptor,28,15,8,80,https://raw.githubusercontent.com/PokeAPI/sprites/master/sprites/pokemon/398.png,normal,flying
399,bidoof,19,5,5,41,https://raw.githubusercontent.com/PokeAPI/sprites/master/sprites/pokemon/399.png,normal,N/A
400,bibarel,26,10,7,68,https://raw.githubusercontent.com/PokeAPI/sprites/master/sprites/pokemon/400.png,normal,water
401,kricketot,12,5,5,32,https://raw.githubusercontent.com/PokeAPI/sprites/master/sprites/pokemon/401.png,bug,N/A
402,kricketune,25,10,6,64,https://raw.githubusercontent.com/PokeAPI/sprites/master/sprites/pokemon/402.png,bug,N/A
403,shinx,15,8,4,43,https://raw.githubusercontent.com/PokeAPI/sprites/master/sprites/pokemon/403.png,electric,N/A
404,luxio,20,10,6,60,https://raw.githubusercontent.com/PokeAPI/sprites/master/sprites/pokemon/404.png,electric,N/A
405,luxray,26,15,9,87,https://raw.githubusercontent.com/PokeAPI/sprites/master/sprites/pokemon/405.png,electric,N/A
406,budew,13,5,4,46,https://raw.githubusercontent.com/PokeAPI/sprites/master/sprites/pokemon/406.png,grass,poison
407,roserade,20,8,8,85,https://raw.githubusercontent.com/PokeAPI/sprites/master/sprites/pokemon/407.png,grass,poison
408,cranidos,22,15,5,58,https://raw.githubusercontent.com/PokeAPI/sprites/master/sprites/pokemon/408.png,rock,N/A
409,rampardos,32,20,7,82,https://raw.githubusercontent.com/PokeAPI/sprites/master/sprites/pokemon/409.png,rock,N/A
410,shieldon,10,5,14,58,https://raw.githubusercontent.com/PokeAPI/sprites/master/sprites/pokemon/410.png,rock,steel
411,bastiodon,20,6,21,82,https://raw.githubusercontent.com/PokeAPI/sprites/master/sprites/pokemon/411.png,rock,steel
412,burmy,13,5,5,37,https://raw.githubusercontent.com/PokeAPI/sprites/master/sprites/pokemon/412.png,bug,N/A
413,wormadam-plant,20,7,10,70,https://raw.githubusercontent.com/PokeAPI/sprites/master/sprites/pokemon/413.png,bug,grass
414,mothim,23,11,6,70,https://raw.githubusercontent.com/PokeAPI/sprites/master/sprites/pokemon/414.png,bug,flying
415,combee,10,5,5,40,https://raw.githubusercontent.com/PokeAPI/sprites/master/sprites/pokemon/415.png,bug,flying
416,vespiquen,23,10,12,79,https://raw.githubusercontent.com/PokeAPI/sprites/master/sprites/pokemon/416.png,bug,flying
417,pachirisu,20,5,8,67,https://raw.githubusercontent.com/PokeAPI/sprites/master/sprites/pokemon/417.png,electric,N/A
418,buizel,18,8,4,55,https://raw.githubusercontent.com/PokeAPI/sprites/master/sprites/pokemon/418.png,water,N/A
419,floatzel,28,13,6,82,https://raw.githubusercontent.com/PokeAPI/sprites/master/sprites/pokemon/419.png,water,N/A
420,cherubi,15,5,5,45,https://raw.githubusercontent.com/PokeAPI/sprites/master/sprites/pokemon/420.png,grass,N/A
421,cherrim,23,7,8,75,https://raw.githubusercontent.com/PokeAPI/sprites/master/sprites/pokemon/421.png,grass,N/A
422,shellos,25,6,6,54,https://raw.githubusercontent.com/PokeAPI/sprites/master/sprites/pokemon/422.png,water,N/A
423,gastrodon,37,10,8,79,https://raw.githubusercontent.com/PokeAPI/sprites/master/sprites/pokemon/423.png,water,ground
424,ambipom,25,12,8,80,https://raw.githubusercontent.com/PokeAPI/sprites/master/sprites/pokemon/424.png,normal,N/A
425,drifloon,30,6,4,58,https://raw.githubusercontent.com/PokeAPI/sprites/master/sprites/pokemon/425.png,ghost,flying
426,drifblim,50,10,5,83,https://raw.githubusercontent.com/PokeAPI/sprites/master/sprites/pokemon/426.png,ghost,flying
427,buneary,18,8,5,58,https://raw.githubusercontent.com/PokeAPI/sprites/master/sprites/pokemon/427.png,normal,N/A
428,lopunny,21,9,10,80,https://raw.githubusercontent.com/PokeAPI/sprites/master/sprites/pokemon/428.png,normal,N/A
429,mismagius,20,7,7,82,https://raw.githubusercontent.com/PokeAPI/sprites/master/sprites/pokemon/429.png,ghost,N/A
430,honchkrow,33,15,6,84,https://raw.githubusercontent.com/PokeAPI/sprites/master/sprites/pokemon/430.png,dark,flying
431,glameow,16,6,5,51,https://raw.githubusercontent.com/PokeAPI/sprites/master/sprites/pokemon/431.png,normal,N/A
432,purugly,23,10,8,75,https://raw.githubusercontent.com/PokeAPI/sprites/master/sprites/pokemon/432.png,normal,N/A
433,chingling,15,5,6,47,https://raw.githubusercontent.com/PokeAPI/sprites/master/sprites/pokemon/433.png,psychic,N/A
434,stunky,21,7,5,54,https://raw.githubusercontent.com/PokeAPI/sprites/master/sprites/pokemon/434.png,poison,dark
435,skuntank,34,11,8,79,https://raw.githubusercontent.com/PokeAPI/sprites/master/sprites/pokemon/435.png,poison,dark
436,bronzor,19,5,10,50,https://raw.githubusercontent.com/PokeAPI/sprites/master/sprites/pokemon/436.png,steel,psychic
437,bronzong,22,11,14,83,https://raw.githubusercontent.com/PokeAPI/sprites/master/sprites/pokemon/437.png,steel,psychic
438,bonsly,16,10,11,48,https://raw.githubusercontent.com/PokeAPI/sprites/master/sprites/pokemon/438.png,rock,N/A
439,mime-jr,10,5,5,51,https://raw.githubusercontent.com/PokeAPI/sprites/master/sprites/pokemon/439.png,psychic,fairy
440,happiny,33,5,3,36,https://raw.githubusercontent.com/PokeAPI/sprites/master/sprites/pokemon/440.png,normal,N/A
441,chatot,25,8,5,68,https://raw.githubusercontent.com/PokeAPI/sprites/master/sprites/pokemon/441.png,normal,flying
442,spiritomb,16,11,13,80,https://raw.githubusercontent.com/PokeAPI/sprites/master/sprites/pokemon/442.png,ghost,dark
443,gible,19,8,5,50,https://raw.githubusercontent.com/PokeAPI/sprites/master/sprites/pokemon/443.png,dragon,ground
444,gabite,22,11,8,68,https://raw.githubusercontent.com/PokeAPI/sprites/master/sprites/pokemon/444.png,dragon,ground
445,garchomp,36,16,11,100,https://raw.githubusercontent.com/PokeAPI/sprites/master/sprites/pokemon/445.png,dragon,ground
446,munchlax,45,10,5,65,https://raw.githubusercontent.com/PokeAPI/sprites/master/sprites/pokemon/446.png,normal,N/A
447,riolu,13,8,5,47,https://raw.githubusercontent.com/PokeAPI/sprites/master/sprites/pokemon/447.png,fighting,N/A
448,lucario,23,13,8,87,https://raw.githubusercontent.com/PokeAPI/sprites/master/sprites/pokemon/448.png,fighting,steel
449,hippopotas,22,9,9,55,https://raw.githubusercontent.com/PokeAPI/sprites/master/sprites/pokemon/449.png,ground,N/A
450,hippowdon,36,14,14,87,https://raw.githubusercontent.com/PokeAPI/sprites/master/sprites/pokemon/450.png,ground,N/A
451,skorupi,13,6,11,55,https://raw.githubusercontent.com/PokeAPI/sprites/master/sprites/pokemon/451.png,poison,bug
452,drapion,23,11,13,83,https://raw.githubusercontent.com/PokeAPI/sprites/master/sprites/pokemon/452.png,poison,dark
453,croagunk,16,7,5,50,https://raw.githubusercontent.com/PokeAPI/sprites/master/sprites/pokemon/453.png,poison,fighting
454,toxicroak,27,13,8,81,https://raw.githubusercontent.com/PokeAPI/sprites/master/sprites/pokemon/454.png,poison,fighting
455,carnivine,24,12,9,75,https://raw.githubusercontent.com/PokeAPI/sprites/master/sprites/pokemon/455.png,grass,N/A
456,finneon,16,6,7,55,https://raw.githubusercontent.com/PokeAPI/sprites/master/sprites/pokemon/456.png,water,N/A
457,lumineon,23,8,9,76,https://raw.githubusercontent.com/PokeAPI/sprites/master/sprites/pokemon/457.png,water,N/A
458,mantyke,15,5,6,57,https://raw.githubusercontent.com/PokeAPI/sprites/master/sprites/pokemon/458.png,water,flying
459,snover,20,7,6,55,https://raw.githubusercontent.com/PokeAPI/sprites/master/sprites/pokemon/459.png,grass,ice
460,abomasnow,30,11,9,82,https://raw.githubusercontent.com/PokeAPI/sprites/master/sprites/pokemon/460.png,grass,ice
461,weavile,23,15,8,85,https://raw.githubusercontent.com/PokeAPI/sprites/master/sprites/pokemon/461.png,dark,ice
462,magnezone,23,8,14,89,https://raw.githubusercontent.com/PokeAPI/sprites/master/sprites/pokemon/462.png,electric,steel
463,lickilicky,36,10,11,85,https://raw.githubusercontent.com/PokeAPI/sprites/master/sprites/pokemon/463.png,normal,N/A
464,rhyperior,38,17,16,89,https://raw.githubusercontent.com/PokeAPI/sprites/master/sprites/pokemon/464.png,ground,rock
465,tangrowth,33,12,15,89,https://raw.githubusercontent.com/PokeAPI/sprites/master/sprites/pokemon/465.png,grass,N/A
466,electivire,25,15,8,90,https://raw.githubusercontent.com/PokeAPI/sprites/master/sprites/pokemon/466.png,electric,N/A
467,magmortar,25,11,8,90,https://raw.githubusercontent.com/PokeAPI/sprites/master/sprites/pokemon/467.png,fire,N/A
468,togekiss,28,6,11,90,https://raw.githubusercontent.com/PokeAPI/sprites/master/sprites/pokemon/468.png,fairy,flying
469,yanmega,28,9,10,85,https://raw.githubusercontent.com/PokeAPI/sprites/master/sprites/pokemon/469.png,bug,flying
470,leafeon,21,13,16,87,https://raw.githubusercontent.com/PokeAPI/sprites/master/sprites/pokemon/470.png,grass,N/A
471,glaceon,21,7,13,87,https://raw.githubusercontent.com/PokeAPI/sprites/master/sprites/pokemon/471.png,ice,N/A
472,gliscor,25,11,15,85,https://raw.githubusercontent.com/PokeAPI/sprites/master/sprites/pokemon/472.png,ground,flying
473,mamoswine,36,16,10,88,https://raw.githubusercontent.com/PokeAPI/sprites/master/sprites/pokemon/473.png,ice,ground
474,porygon-z,28,10,8,89,https://raw.githubusercontent.com/PokeAPI/sprites/master/sprites/pokemon/474.png,normal,N/A
475,gallade,22,15,8,86,https://raw.githubusercontent.com/PokeAPI/sprites/master/sprites/pokemon/475.png,psychic,fighting
476,probopass,20,6,18,87,https://raw.githubusercontent.com/PokeAPI/sprites/master/sprites/pokemon/476.png,rock,steel
477,dusknoir,15,12,16,87,https://raw.githubusercontent.com/PokeAPI/sprites/master/sprites/pokemon/477.png,ghost,N/A
478,froslass,23,10,8,80,https://raw.githubusercontent.com/PokeAPI/sprites/master/sprites/pokemon/478.png,ice,ghost
479,rotom,16,6,9,73,https://raw.githubusercontent.com/PokeAPI/sprites/master/sprites/pokemon/479.png,electric,ghost
480,uxie,25,9,16,96,https://raw.githubusercontent.com/PokeAPI/sprites/master/sprites/pokemon/480.png,psychic,N/A
481,mesprit,26,13,13,96,https://raw.githubusercontent.com/PokeAPI/sprites/master/sprites/pokemon/481.png,psychic,N/A
482,azelf,25,15,8,96,https://raw.githubusercontent.com/PokeAPI/sprites/master/sprites/pokemon/482.png,psychic,N/A
483,dialga,33,15,15,113,https://raw.githubusercontent.com/PokeAPI/sprites/master/sprites/pokemon/483.png,steel,dragon
484,palkia,30,15,12,113,https://raw.githubusercontent.com/PokeAPI/sprites/master/sprites/pokemon/484.png,water,dragon
485,heatran,30,11,13,100,https://raw.githubusercontent.com/PokeAPI/sprites/master/sprites/pokemon/485.png,fire,steel
486,regigigas,36,20,13,111,https://raw.githubusercontent.com/PokeAPI/sprites/master/sprites/pokemon/486.png,normal,N/A
487,giratina-altered,50,12,15,113,https://raw.githubusercontent.com/PokeAPI/sprites/master/sprites/pokemon/487.png,ghost,dragon
488,cresselia,40,8,13,96,https://raw.githubusercontent.com/PokeAPI/sprites/master/sprites/pokemon/488.png,psychic,N/A
489,phione,26,10,10,80,https://raw.githubusercontent.com/PokeAPI/sprites/master/sprites/pokemon/489.png,water,N/A
490,manaphy,33,12,12,100,https://raw.githubusercontent.com/PokeAPI/sprites/master/sprites/pokemon/490.png,water,N/A
491,darkrai,23,11,11,100,https://raw.githubusercontent.com/PokeAPI/sprites/master/sprites/pokemon/491.png,dark,N/A
492,shaymin-land,33,12,12,100,https://raw.githubusercontent.com/PokeAPI/sprites/master/sprites/pokemon/492.png,grass,N/A
493,arceus,40,15,15,120,https://raw.githubusercontent.com/PokeAPI/sprites/master/sprites/pokemon/493.png,normal,N/A
494,victini,33,12,12,100,https://raw.githubusercontent.com/PokeAPI/sprites/master/sprites/pokemon/494.png,psychic,fire
495,snivy,15,5,6,51,https://raw.githubusercontent.com/PokeAPI/sprites/master/sprites/pokemon/495.png,grass,N/A
496,servine,20,7,9,68,https://raw.githubusercontent.com/PokeAPI/sprites/master/sprites/pokemon/496.png,grass,N/A
497,serperior,25,9,11,88,https://raw.githubusercontent.com/PokeAPI/sprites/master/sprites/pokemon/497.png,grass,N/A
498,tepig,21,7,5,51,https://raw.githubusercontent.com/PokeAPI/sprites/master/sprites/pokemon/498.png,fire,N/A
499,pignite,30,11,6,69,https://raw.githubusercontent.com/PokeAPI/sprites/master/sprites/pokemon/499.png,fire,fighting
500,emboar,36,15,8,88,https://raw.githubusercontent.com/PokeAPI/sprites/master/sprites/pokemon/500.png,fire,fighting
501,oshawott,18,6,5,51,https://raw.githubusercontent.com/PokeAPI/sprites/master/sprites/pokemon/501.png,water,N/A
502,dewott,25,9,7,68,https://raw.githubusercontent.com/PokeAPI/sprites/master/sprites/pokemon/502.png,water,N/A
503,samurott,31,12,10,88,https://raw.githubusercontent.com/PokeAPI/sprites/master/sprites/pokemon/503.png,water,N/A
504,patrat,15,6,4,42,https://raw.githubusercontent.com/PokeAPI/sprites/master/sprites/pokemon/504.png,normal,N/A
505,watchog,20,10,8,70,https://raw.githubusercontent.com/PokeAPI/sprites/master/sprites/pokemon/505.png,normal,N/A
506,lillipup,15,7,5,45,https://raw.githubusercontent.com/PokeAPI/sprites/master/sprites/pokemon/506.png,normal,N/A
507,herdier,21,10,8,61,https://raw.githubusercontent.com/PokeAPI/sprites/master/sprites/pokemon/507.png,normal,N/A
508,stoutland,28,13,11,83,https://raw.githubusercontent.com/PokeAPI/sprites/master/sprites/pokemon/508.png,normal,N/A
509,purrloin,13,6,4,46,https://raw.githubusercontent.com/PokeAPI/sprites/master/sprites/pokemon/509.png,dark,N/A
510,liepard,21,11,6,74,https://raw.githubusercontent.com/PokeAPI/sprites/master/sprites/pokemon/510.png,dark,N/A
511,pansage,16,6,6,52,https://raw.githubusercontent.com/PokeAPI/sprites/master/sprites/pokemon/511.png,grass,N/A
512,simisage,25,12,7,83,https://raw.githubusercontent.com/PokeAPI/sprites/master/sprites/pokemon/512.png,grass,N/A
513,pansear,16,6,6,52,https://raw.githubusercontent.com/PokeAPI/sprites/master/sprites/pokemon/513.png,fire,N/A
514,simisear,25,12,7,83,https://raw.githubusercontent.com/PokeAPI/sprites/master/sprites/pokemon/514.png,fire,N/A
515,panpour,16,6,6,52,https://raw.githubusercontent.com/PokeAPI/sprites/master/sprites/pokemon/515.png,water,N/A
516,simipour,25,12,7,83,https://raw.githubusercontent.com/PokeAPI/sprites/master/sprites/pokemon/516.png,water,N/A
517,munna,25,5,5,48,https://raw.githubusercontent.com/PokeAPI/sprites/master/sprites/pokemon/517.png,psychic,N/A
518,musharna,38,6,10,81,https://raw.githubusercontent.com/PokeAPI/sprites/master/sprites/pokemon/518.png,psychic,N/A
519,pidove,16,6,6,44,https://raw.githubusercontent.com/PokeAPI/sprites/master/sprites/pokemon/519.png,normal,flying
520,tranquill,20,9,7,59,https://raw.githubusercontent.com/PokeAPI/sprites/master/sprites/pokemon/520.png,normal,flying
521,unfezant,26,14,10,81,https://raw.githubusercontent.com/PokeAPI/sprites/master/sprites/pokemon/521.png,normal,flying
522,blitzle,15,7,4,49,https://raw.githubusercontent.com/PokeAPI/sprites/master/sprites/pokemon/522.png,electric,N/A
523,zebstrika,25,12,7,82,https://raw.githubusercontent.com/PokeAPI/sprites/master/sprites/pokemon/523.png,electric,N/A
524,roggenrola,18,9,10,46,https://raw.githubusercontent.com/PokeAPI/sprites/master/sprites/pokemon/524.png,rock,N/A
525,boldore,23,13,13,65,https://raw.githubusercontent.com/PokeAPI/sprites/master/sprites/pokemon/525.png,rock,N/A
526,gigalith,28,16,16,85,https://raw.githubusercontent.com/PokeAPI/sprites/master/sprites/pokemon/526.png,rock,N/A
527,woobat,21,5,5,53,https://raw.githubusercontent.com/PokeAPI/sprites/master/sprites/pokemon/527.png,psychic,flying
528,swoobat,22,7,6,70,https://raw.githubusercontent.com/PokeAPI/sprites/master/sprites/pokemon/528.png,psychic,flying
529,drilbur,20,10,5,54,https://raw.githubusercontent.com/PokeAPI/sprites/master/sprites/pokemon/529.png,ground,N/A
530,excadrill,36,16,7,84,https://raw.githubusercontent.com/PokeAPI/sprites/master/sprites/pokemon/530.png,ground,steel
531,audino,34,7,10,74,https://raw.githubusercontent.com/PokeAPI/sprites/master/sprites/pokemon/531.png,normal,N/A
532,timburr,25,10,6,50,https://raw.githubusercontent.com/PokeAPI/sprites/master/sprites/pokemon/532.png,fighting,N/A
533,gurdurr,28,13,10,67,https://raw.githubusercontent.com/PokeAPI/sprites/master/sprites/pokemon/533.png,fighting,N/A
534,conkeldurr,35,17,11,84,https://raw.githubusercontent.com/PokeAPI/sprites/master/sprites/pokemon/534.png,fighting,N/A
535,tympole,16,6,5,49,https://raw.githubusercontent.com/PokeAPI/sprites/master/sprites/pokemon/535.png,water,N/A
536,palpitoad,25,8,6,64,https://raw.githubusercontent.com/PokeAPI/sprites/master/sprites/pokemon/536.png,water,ground
537,seismitoad,35,11,9,84,https://raw.githubusercontent.com/PokeAPI/sprites/master/sprites/pokemon/537.png,water,ground
538,throh,40,12,10,77,https://raw.githubusercontent.com/PokeAPI/sprites/master/sprites/pokemon/538.png,fighting,N/A
539,sawk,25,15,9,77,https://raw.githubusercontent.com/PokeAPI/sprites/master/sprites/pokemon/539.png,fighting,N/A
540,sewaddle,15,6,8,51,https://raw.githubusercontent.com/PokeAPI/sprites/master/sprites/pokemon/540.png,bug,grass
541,swadloon,18,7,11,63,https://raw.githubusercontent.com/PokeAPI/sprites/master/sprites/pokemon/541.png,bug,grass
542,leavanny,25,12,10,83,https://raw.githubusercontent.com/PokeAPI/sprites/master/sprites/pokemon/542.png,bug,grass
543,venipede,10,5,7,43,https://raw.githubusercontent.com/PokeAPI/sprites/master/sprites/pokemon/543.png,bug,poison
544,whirlipede,13,6,12,60,https://raw.githubusercontent.com/PokeAPI/sprites/master/sprites/pokemon/544.png,bug,poison
545,scolipede,20,12,11,80,https://raw.githubusercontent.com/PokeAPI/sprites/master/sprites/pokemon/545.png,bug,poison
546,cottonee,13,5,7,46,https://raw.githubusercontent.com/PokeAPI/sprites/master/sprites/pokemon/546.png,grass,fairy
547,whimsicott,20,8,10,80,https://raw.githubusercontent.com/PokeAPI/sprites/master/sprites/pokemon/547.png,grass,fairy
548,petilil,15,5,6,46,https://raw.githubusercontent.com/PokeAPI/sprites/master/sprites/pokemon/548.png,grass,N/A
549,lilligant,23,7,9,80,https://raw.githubusercontent.com/PokeAPI/sprites/master/sprites/pokemon/549.png,grass,N/A
550,basculin-red-striped,23,11,8,76,https://raw.githubusercontent.com/PokeAPI/sprites/master/sprites/pokemon/550.png,water,N/A
551,sandile,16,9,4,48,https://raw.githubusercontent.com/PokeAPI/sprites/master/sprites/pokemon/551.png,ground,dark
552,krokorok,20,10,5,58,https://raw.githubusercontent.com/PokeAPI/sprites/master/sprites/pokemon/552.png,ground,dark
553,krookodile,31,14,10,86,https://raw.githubusercontent.com/PokeAPI/sprites/master/sprites/pokemon/553.png,ground,dark
554,darumaka,23,11,5,52,https://raw.githubusercontent.com/PokeAPI/sprites/master/sprites/pokemon/554.png,fire,N/A
555,darmanitan-standard,35,17,6,80,https://raw.githubusercontent.com/PokeAPI/sprites/master/sprites/pokemon/555.png,fire,N/A
556,maractus,25,10,8,76,https://raw.githubusercontent.com/PokeAPI/sprites/master/sprites/pokemon/556.png,grass,N/A
557,dwebble,16,8,10,54,https://raw.githubusercontent.com/PokeAPI/sprites/master/sprites/pokemon/557.png,bug,rock
558,crustle,23,13,15,80,https://raw.githubusercontent.com/PokeAPI/sprites/master/sprites/pokemon/558.png,bug,rock
559,scraggy,16,9,8,58,https://raw.githubusercontent.com/PokeAPI/sprites/master/sprites/pokemon/559.png,dark,fighting
560,scrafty,21,11,14,81,https://raw.githubusercontent.com/PokeAPI/sprites/master/sprites/pokemon/560.png,dark,fighting
561,sigilyph,24,7,10,81,https://raw.githubusercontent.com/PokeAPI/sprites/master/sprites/pokemon/561.png,psychic,flying
562,yamask,12,5,10,50,https://raw.githubusercontent.com/PokeAPI/sprites/master/sprites/pokemon/562.png,ghost,N/A
563,cofagrigus,19,6,18,80,https://raw.githubusercontent.com/PokeAPI/sprites/master/sprites/pokemon/563.png,ghost,N/A
564,tirtouga,18,9,12,59,https://raw.githubusercontent.com/PokeAPI/sprites/master/sprites/pokemon/564.png,water,rock
565,carracosta,24,13,16,82,https://raw.githubusercontent.com/PokeAPI/sprites/master/sprites/pokemon/565.png,water,rock
566,archen,18,14,5,66,https://raw.githubusercontent.com/PokeAPI/sprites/master/sprites/pokemon/566.png,rock,flying
567,archeops,25,17,8,94,https://raw.githubusercontent.com/PokeAPI/sprites/master/sprites/pokemon/567.png,rock,flying
568,trubbish,16,6,7,54,https://raw.githubusercontent.com/PokeAPI/sprites/master/sprites/pokemon/568.png,poison,N/A
569,garbodor,26,11,10,79,https://raw.githubusercontent.com/PokeAPI/sprites/master/sprites/pokemon/569.png,poison,N/A
570,zorua,13,8,5,55,https://raw.githubusercontent.com/PokeAPI/sprites/master/sprites/pokemon/570.png,dark,N/A
571,zoroark,20,13,7,85,https://raw.githubusercontent.com/PokeAPI/sprites/master/sprites/pokemon/571.png,dark,N/A
572,minccino,18,6,5,50,https://raw.githubusercontent.com/PokeAPI/sprites/master/sprites/pokemon/572.png,normal,N/A
573,cinccino,25,11,7,78,https://raw.githubusercontent.com/PokeAPI/sprites/master/sprites/pokemon/573.png,normal,N/A
574,gothita,15,5,6,48,https://raw.githubusercontent.com/PokeAPI/sprites/master/sprites/pokemon/574.png,psychic,N/A
575,gothorita,20,5,8,65,https://raw.githubusercontent.com/PokeAPI/sprites/master/sprites/pokemon/575.png,psychic,N/A
576,gothitelle,23,6,11,81,https://raw.githubusercontent.com/PokeAPI/sprites/master/sprites/pokemon/576.png,psychic,N/A
577,solosis,15,5,5,48,https://raw.githubusercontent.com/PokeAPI/sprites/master/sprites/pokemon/577.png,psychic,N/A
578,duosion,21,5,6,61,https://raw.githubusercontent.com/PokeAPI/sprites/master/sprites/pokemon/578.png,psychic,N/A
579,reuniclus,36,8,9,81,https://raw.githubusercontent.com/PokeAPI/sprites/master/sprites/pokemon/579.png,psychic,N/A
580,ducklett,20,5,6,50,https://raw.githubusercontent.com/PokeAPI/sprites/master/sprites/pokemon/580.png,water,flying
581,swanna,25,10,7,78,https://raw.githubusercontent.com/PokeAPI/sprites/master/sprites/pokemon/581.png,water,flying
582,vanillite,12,6,6,50,https://raw.githubusercontent.com/PokeAPI/sprites/master/sprites/pokemon/582.png,ice,N/A
583,vanillish,17,8,8,65,https://raw.githubusercontent.com/PokeAPI/sprites/master/sprites/pokemon/583.png,ice,N/A
584,vanilluxe,23,11,10,89,https://raw.githubusercontent.com/PokeAPI/sprites/master/sprites/pokemon/584.png,ice,N/A
585,deerling,20,7,6,55,https://raw.githubusercontent.com/PokeAPI/sprites/master/sprites/pokemon/585.png,normal,grass
586,sawsbuck,26,12,8,79,https://raw.githubusercontent.com/PokeAPI/sprites/master/sprites/pokemon/586.png,normal,grass
587,emolga,18,9,7,71,https://raw.githubusercontent.com/PokeAPI/sprites/master/sprites/pokemon/587.png,electric,flying
588,karrablast,16,9,5,52,https://raw.githubusercontent.com/PokeAPI/sprites/master/sprites/pokemon/588.png,bug,N/A
589,escavalier,23,16,13,82,https://raw.githubusercontent.com/PokeAPI/sprites/master/sprites/pokemon/589.png,bug,steel
590,foongus,23,6,5,49,https://raw.githubusercontent.com/PokeAPI/sprites/master/sprites/pokemon/590.png,grass,poison
591,amoonguss,38,10,8,77,https://raw.githubusercontent.com/PokeAPI/sprites/master/sprites/pokemon/591.png,grass,poison
592,frillish-male,18,5,6,55,https://raw.githubusercontent.com/PokeAPI/sprites/master/sprites/pokemon/592.png,water,ghost
593,jellicent-male,33,7,8,80,https://raw.githubusercontent.com/PokeAPI/sprites/master/sprites/pokemon/593.png,water,ghost
594,alomomola,55,9,10,78,https://raw.githubusercontent.com/PokeAPI/sprites/master/sprites/pokemon/594.png,water,N/A
595,joltik,16,5,6,53,https://raw.githubusercontent.com/PokeAPI/sprites/master/sprites/pokemon/595.png,bug,electric
596,galvantula,23,9,7,78,https://raw.githubusercontent.com/PokeAPI/sprites/master/sprites/pokemon/596.png,bug,electric
597,ferroseed,14,6,11,50,https://raw.githubusercontent.com/PokeAPI/sprites/master/sprites/pokemon/597.png,grass,steel
598,ferrothorn,24,11,16,81,https://raw.githubusercontent.com/PokeAPI/sprites/master/sprites/pokemon/598.png,grass,steel
599,klink,13,6,8,50,https://raw.githubusercontent.com/PokeAPI/sprites/master/sprites/pokemon/599.png,steel,N/A
600,klang,20,10,11,73,https://raw.githubusercontent.com/PokeAPI/sprites/master/sprites/pokemon/600.png,steel,N/A
601,klinklang,20,12,14,86,https://raw.githubusercontent.com/PokeAPI/sprites/master/sprites/pokemon/601.png,steel,N/A
602,tynamo,11,6,5,45,https://raw.githubusercontent.com/PokeAPI/sprites/master/sprites/pokemon/602.png,electric,N/A
603,eelektrik,21,10,8,67,https://raw.githubusercontent.com/PokeAPI/sprites/master/sprites/pokemon/603.png,electric,N/A
604,eelektross,28,14,10,85,https://raw.githubusercontent.com/PokeAPI/sprites/master/sprites/pokemon/604.png,electric,N/A
605,elgyem,18,6,6,55,https://raw.githubusercontent.com/PokeAPI/sprites/master/sprites/pokemon/605.png,psychic,N/A
606,beheeyem,25,9,9,80,https://raw.githubusercontent.com/PokeAPI/sprites/master/sprites/pokemon/606.png,psychic,N/A
607,litwick,16,5,6,45,https://raw.githubusercontent.com/PokeAPI/sprites/master/sprites/pokemon/607.png,ghost,fire
608,lampent,20,5,7,61,https://raw.githubusercontent.com/PokeAPI/sprites/master/sprites/pokemon/608.png,ghost,fire
609,chandelure,20,6,11,86,https://raw.githubusercontent.com/PokeAPI/sprites/master/sprites/pokemon/609.png,ghost,fire
610,axew,15,10,7,53,https://raw.githubusercontent.com/PokeAPI/sprites/master/sprites/pokemon/610.png,dragon,N/A
611,fraxure,22,14,8,68,https://raw.githubusercontent.com/PokeAPI/sprites/master/sprites/pokemon/611.png,dragon,N/A
612,haxorus,25,18,11,90,https://raw.githubusercontent.com/PokeAPI/sprites/master/sprites/pokemon/612.png,dragon,N/A
613,cubchoo,18,8,5,50,https://raw.githubusercontent.com/PokeAPI/sprites/master/sprites/pokemon/613.png,ice,N/A
614,beartic,31,16,10,84,https://raw.githubusercontent.com/PokeAPI/sprites/master/sprites/pokemon/614.png,ice,N/A
615,cryogonal,26,6,6,85,https://raw.githubusercontent.com/PokeAPI/sprites/master/sprites/pokemon/615.png,ice,N/A
616,shelmet,16,5,10,50,https://raw.githubusercontent.com/PokeAPI/sprites/master/sprites/pokemon/616.png,bug,N/A
617,accelgor,26,8,5,82,https://raw.githubusercontent.com/PokeAPI/sprites/master/sprites/pokemon/617.png,bug,N/A
618,stunfisk,36,8,10,78,https://raw.githubusercontent.com/PokeAPI/sprites/master/sprites/pokemon/618.png,ground,electric
619,mienfoo,15,10,6,58,https://raw.githubusercontent.com/PokeAPI/sprites/master/sprites/pokemon/619.png,fighting,N/A
620,mienshao,21,15,7,85,https://raw.githubusercontent.com/PokeAPI/sprites/master/sprites/pokemon/620.png,fighting,N/A
621,druddigon,25,15,11,80,https://raw.githubusercontent.com/PokeAPI/sprites/master/sprites/pokemon/621.png,dragon,N/A
622,golett,19,9,6,50,https://raw.githubusercontent.com/PokeAPI/sprites/master/sprites/pokemon/622.png,ground,ghost
623,golurk,29,15,10,80,https://raw.githubusercontent.com/PokeAPI/sprites/master/sprites/pokemon/623.png,ground,ghost
624,pawniard,15,10,8,56,https://raw.githubusercontent.com/PokeAPI/sprites/master/sprites/pokemon/624.png,dark,steel
625,bisharp,21,15,12,81,https://raw.githubusercontent.com/PokeAPI/sprites/master/sprites/pokemon/625.png,dark,steel
626,bouffalant,31,13,11,81,https://raw.githubusercontent.com/PokeAPI/sprites/master/sprites/pokemon/626.png,normal,N/A
627,rufflet,23,10,6,58,https://raw.githubusercontent.com/PokeAPI/sprites/master/sprites/pokemon/627.png,normal,flying
628,braviary,33,15,9,85,https://raw.githubusercontent.com/PokeAPI/sprites/master/sprites/pokemon/628.png,normal,flying
629,vullaby,23,6,9,61,https://raw.githubusercontent.com/PokeAPI/sprites/master/sprites/pokemon/629.png,dark,flying
630,mandibuzz,36,8,13,85,https://raw.githubusercontent.com/PokeAPI/sprites/master/sprites/pokemon/630.png,dark,flying
631,heatmor,28,12,8,80,https://raw.githubusercontent.com/PokeAPI/sprites/master/sprites/pokemon/631.png,fire,N/A
632,durant,19,13,14,80,https://raw.githubusercontent.com/PokeAPI/sprites/master/sprites/pokemon/632.png,bug,steel
633,deino,17,8,6,50,https://raw.githubusercontent.com/PokeAPI/sprites/master/sprites/pokemon/633.png,dark,dragon
634,zweilous,24,10,8,70,https://raw.githubusercontent.com/PokeAPI/sprites/master/sprites/pokemon/634.png,dark,dragon
635,hydreigon,30,13,11,100,https://raw.githubusercontent.com/PokeAPI/sprites/master/sprites/pokemon/635.png,dark,dragon
636,larvesta,18,10,6,60,https://raw.githubusercontent.com/PokeAPI/sprites/master/sprites/pokemon/636.png,bug,fire
637,volcarona,28,7,8,91,https://raw.githubusercontent.com/PokeAPI/sprites/master/sprites/pokemon/637.png,bug,fire
638,cobalion,30,11,16,96,https://raw.githubusercontent.com/PokeAPI/sprites/master/sprites/pokemon/638.png,steel,fighting
639,terrakion,30,16,11,96,https://raw.githubusercontent.com/PokeAPI/sprites/master/sprites/pokemon/639.png,rock,fighting
640,virizion,30,11,9,96,https://raw.githubusercontent.com/PokeAPI/sprites/master/sprites/pokemon/640.png,grass,fighting
641,tornadus-incarnate,26,14,8,96,https://raw.githubusercontent.com/PokeAPI/sprites/master/sprites/pokemon/641.png,flying,N/A
642,thundurus-incarnate,26,14,8,96,https://raw.githubusercontent.com/PokeAPI/sprites/master/sprites/pokemon/642.png,electric,flying
643,reshiram,33,15,12,113,https://raw.githubusercontent.com/PokeAPI/sprites/master/sprites/pokemon/643.png,dragon,fire
644,zekrom,33,18,15,113,https://raw.githubusercontent.com/PokeAPI/sprites/master/sprites/pokemon/644.png,dragon,electric
645,landorus-incarnate,29,15,11,100,https://raw.githubusercontent.com/PokeAPI/sprites/master/sprites/pokemon/645.png,ground,flying
646,kyurem,41,16,11,110,https://raw.githubusercontent.com/PokeAPI/sprites/master/sprites/pokemon/646.png,dragon,ice
647,keldeo-ordinary,30,9,11,96,https://raw.githubusercontent.com/PokeAPI/sprites/master/sprites/pokemon/647.png,water,fighting
648,meloetta-aria,33,9,9,100,https://raw.githubusercontent.com/PokeAPI/sprites/master/sprites/pokemon/648.png,normal,psychic
649,genesect,23,15,11,100,https://raw.githubusercontent.com/PokeAPI/sprites/master/sprites/pokemon/649.png,bug,steel
650,chespin,18,7,8,52,https://raw.githubusercontent.com/PokeAPI/sprites/master/sprites/pokemon/650.png,grass,N/A
651,quilladin,20,9,11,67,https://raw.githubusercontent.com/PokeAPI/sprites/master/sprites/pokemon/651.png,grass,N/A
652,chesnaught,29,13,15,88,https://raw.githubusercontent.com/PokeAPI/sprites/master/sprites/pokemon/652.png,grass,fighting
653,fennekin,13,5,5,51,https://raw.githubusercontent.com/PokeAPI/sprites/master/sprites/pokemon/653.png,fire,N/A
654,braixen,19,7,7,68,https://raw.githubusercontent.com/PokeAPI/sprites/master/sprites/pokemon/654.png,fire,N/A
655,delphox,25,8,9,89,https://raw.githubusercontent.com/PokeAPI/sprites/master/sprites/pokemon/655.png,fire,psychic
656,froakie,13,7,5,52,https://raw.githubusercontent.com/PokeAPI/sprites/master/sprites/pokemon/656.png,water,N/A
657,frogadier,18,7,6,67,https://raw.githubusercontent.com/PokeAPI/sprites/master/sprites/pokemon/657.png,water,N/A
658,greninja,24,11,8,88,https://raw.githubusercontent.com/PokeAPI/sprites/master/sprites/pokemon/658.png,water,dark
659,bunnelby,12,5,4,39,https://raw.githubusercontent.com/PokeAPI/sprites/master/sprites/pokemon/659.png,normal,N/A
660,diggersby,28,7,9,70,https://raw.githubusercontent.com/PokeAPI/sprites/master/sprites/pokemon/660.png,normal,ground
661,fletchling,15,6,5,46,https://raw.githubusercontent.com/PokeAPI/sprites/master/sprites/pokemon/661.png,normal,flying
662,fletchinder,20,9,6,63,https://raw.githubusercontent.com/PokeAPI/sprites/master/sprites/pokemon/662.png,fire,flying
663,talonflame,26,10,8,83,https://raw.githubusercontent.com/PokeAPI/sprites/master/sprites/pokemon/663.png,fire,flying
664,scatterbug,12,5,5,33,https://raw.githubusercontent.com/PokeAPI/sprites/master/sprites/pokemon/664.png,bug,N/A
665,spewpa,15,5,7,35,https://raw.githubusercontent.com/PokeAPI/sprites/master/sprites/pokemon/665.png,bug,N/A
666,vivillon,26,6,6,68,https://raw.githubusercontent.com/PokeAPI/sprites/master/sprites/pokemon/666.png,bug,flying
667,litleo,20,6,7,61,https://raw.githubusercontent.com/PokeAPI/sprites/master/sprites/pokemon/667.png,fire,normal
668,pyroar-male,28,8,9,84,https://raw.githubusercontent.com/PokeAPI/sprites/master/sprites/pokemon/668.png,fire,normal
669,flabebe,14,5,4,50,https://raw.githubusercontent.com/PokeAPI/sprites/master/sprites/pokemon/669.png,fairy,N/A
670,floette,18,5,5,61,https://raw.githubusercontent.com/PokeAPI/sprites/master/sprites/pokemon/670.png,fairy,N/A
671,florges,26,8,8,92,https://raw.githubusercontent.com/PokeAPI/sprites/master/sprites/pokemon/671.png,fairy,N/A
672,skiddo,22,8,6,58,https://raw.githubusercontent.com/PokeAPI/sprites/master/sprites/pokemon/672.png,grass,N/A
673,gogoat,41,12,7,88,https://raw.githubusercontent.com/PokeAPI/sprites/master/sprites/pokemon/673.png,grass,N/A
674,pancham,22,10,7,58,https://raw.githubusercontent.com/PokeAPI/sprites/master/sprites/pokemon/674.png,fighting,N/A
675,pangoro,31,15,9,82,https://raw.githubusercontent.com/PokeAPI/sprites/master/sprites/pokemon/675.png,fighting,dark
676,furfrou,25,10,7,78,https://raw.githubusercontent.com/PokeAPI/sprites/master/sprites/pokemon/676.png,normal,N/A
677,espurr,20,6,6,59,https://raw.githubusercontent.com/PokeAPI/sprites/master/sprites/pokemon/677.png,psychic,N/A
678,meowstic-male,24,6,9,77,https://raw.githubusercontent.com/PokeAPI/sprites/master/sprites/pokemon/678.png,psychic,N/A
679,honedge,15,10,12,54,https://raw.githubusercontent.com/PokeAPI/sprites/master/sprites/pokemon/679.png,steel,ghost
680,doublade,19,13,18,74,https://raw.githubusercontent.com/PokeAPI/sprites/master/sprites/pokemon/680.png,steel,ghost
681,aegislash-shield,20,6,17,83,https://raw.githubusercontent.com/PokeAPI/sprites/master/sprites/pokemon/681.png,steel,ghost
682,spritzee,26,6,7,56,https://raw.githubusercontent.com/PokeAPI/sprites/master/sprites/pokemon/682.png,fairy,N/A
683,aromatisse,33,9,9,77,https://raw.githubusercontent.com/PokeAPI/sprites/master/sprites/pokemon/683.png,fairy,N/A
684,swirlix,20,6,8,56,https://raw.githubusercontent.com/PokeAPI/sprites/master/sprites/pokemon/684.png,fairy,N/A
685,slurpuff,27,10,10,80,https://raw.githubusercontent.com/PokeAPI/sprites/master/sprites/pokemon/685.png,fairy,N/A
686,inkay,17,6,6,48,https://raw.githubusercontent.com/PokeAPI/sprites/master/sprites/pokemon/686.png,dark,psychic
687,malamar,28,11,11,80,https://raw.githubusercontent.com/PokeAPI/sprites/master/sprites/pokemon/687.png,dark,psychic
688,binacle,14,6,8,51,https://raw.githubusercontent.com/PokeAPI/sprites/master/sprites/pokemon/688.png,rock,water
689,barbaracle,24,13,14,83,https://raw.githubusercontent.com/PokeAPI/sprites/master/sprites/pokemon/689.png,rock,water
690,skrelp,16,7,7,53,https://raw.githubusercontent.com/PokeAPI/sprites/master/sprites/pokemon/690.png,poison,water
691,dragalge,21,9,11,82,https://raw.githubusercontent.com/PokeAPI/sprites/master/sprites/pokemon/691.png,poison,dragon
692,clauncher,16,6,7,55,https://raw.githubusercontent.com/PokeAPI/sprites/master/sprites/pokemon/692.png,water,N/A
693,clawitzer,23,9,11,83,https://raw.githubusercontent.com/PokeAPI/sprites/master/sprites/pokemon/693.png,water,N/A
694,helioptile,14,5,4,48,https://raw.githubusercontent.com/PokeAPI/sprites/master/sprites/pokemon/694.png,electric,normal
695,heliolisk,20,6,6,80,https://raw.githubusercontent.com/PokeAPI/sprites/master/sprites/pokemon/695.png,electric,normal
696,tyrunt,19,11,9,60,https://raw.githubusercontent.com/PokeAPI/sprites/master/sprites/pokemon/696.png,rock,dragon
697,tyrantrum,27,15,14,86,https://raw.githubusercontent.com/PokeAPI/sprites/master/sprites/pokemon/697.png,rock,dragon
698,amaura,25,7,6,60,https://raw.githubusercontent.com/PokeAPI/sprites/master/sprites/pokemon/698.png,rock,ice
699,aurorus,41,9,9,86,https://raw.githubusercontent.com/PokeAPI/sprites/master/sprites/pokemon/699.png,rock,ice
700,sylveon,31,8,8,87,https://raw.githubusercontent.com/PokeAPI/sprites/master/sprites/pokemon/700.png,fairy,N/A
701,hawlucha,26,11,9,83,https://raw.githubusercontent.com/PokeAPI/sprites/master/sprites/pokemon/701.png,fighting,flying
702,dedenne,22,7,7,71,https://raw.githubusercontent.com/PokeAPI/sprites/master/sprites/pokemon/702.png,electric,fairy
703,carbink,16,6,18,83,https://raw.githubusercontent.com/PokeAPI/sprites/master/sprites/pokemon/703.png,rock,fairy
704,goomy,15,6,4,50,https://raw.githubusercontent.com/PokeAPI/sprites/master/sprites/pokemon/704.png,dragon,N/A
705,sliggoo,22,9,6,75,https://raw.githubusercontent.com/PokeAPI/sprites/master/sprites/pokemon/705.png,dragon,N/A
706,goodra,30,12,8,100,https://raw.githubusercontent.com/PokeAPI/sprites/master/sprites/pokemon/706.png,dragon,N/A
707,klefki,19,10,11,78,https://raw.githubusercontent.com/PokeAPI/sprites/master/sprites/pokemon/707.png,steel,fairy
708,phantump,14,8,6,51,https://raw.githubusercontent.com/PokeAPI/sprites/master/sprites/pokemon/708.png,ghost,grass
709,trevenant,28,13,9,79,https://raw.githubusercontent.com/PokeAPI/sprites/master/sprites/pokemon/709.png,ghost,grass
710,pumpkaboo-average,16,8,8,55,https://raw.githubusercontent.com/PokeAPI/sprites/master/sprites/pokemon/710.png,ghost,grass
711,gourgeist-average,21,11,15,82,https://raw.githubusercontent.com/PokeAPI/sprites/master/sprites/pokemon/711.png,ghost,grass
712,bergmite,18,8,10,50,https://raw.githubusercontent.com/PokeAPI/sprites/master/sprites/pokemon/712.png,ice,N/A
713,avalugg,31,14,23,85,https://raw.githubusercontent.com/PokeAPI/sprites/master/sprites/pokemon/713.png,ice,N/A
714,noibat,13,5,4,40,https://raw.githubusercontent.com/PokeAPI/sprites/master/sprites/pokemon/714.png,flying,dragon
715,noivern,28,8,10,89,https://raw.githubusercontent.com/PokeAPI/sprites/master/sprites/pokemon/715.png,flying,dragon
716,xerneas,42,16,11,113,https://raw.githubusercontent.com/PokeAPI/sprites/master/sprites/pokemon/716.png,fairy,N/A
717,yveltal,42,16,11,113,https://raw.githubusercontent.com/PokeAPI/sprites/master/sprites/pokemon/717.png,dark,flying
718,zygarde-50,36,12,15,100,https://raw.githubusercontent.com/PokeAPI/sprites/master/sprites/pokemon/718.png,dragon,ground
719,diancie,16,12,18,100,https://raw.githubusercontent.com/PokeAPI/sprites/master/sprites/pokemon/719.png,rock,fairy
720,hoopa,26,13,7,100,https://raw.githubusercontent.com/PokeAPI/sprites/master/sprites/pokemon/720.png,psychic,ghost
721,volcanion,26,13,15,100,https://raw.githubusercontent.com/PokeAPI/sprites/master/sprites/pokemon/721.png,fire,water
722,rowlet,22,6,6,53,https://raw.githubusercontent.com/PokeAPI/sprites/master/sprites/pokemon/722.png,grass,flying
723,dartrix,26,9,9,70,https://raw.githubusercontent.com/PokeAPI/sprites/master/sprites/pokemon/723.png,grass,flying
724,decidueye,26,13,9,88,https://raw.githubusercontent.com/PokeAPI/sprites/master/sprites/pokemon/724.png,grass,ghost
725,litten,15,8,5,53,https://raw.githubusercontent.com/PokeAPI/sprites/master/sprites/pokemon/725.png,fire,N/A
726,torracat,21,10,6,70,https://raw.githubusercontent.com/PokeAPI/sprites/master/sprites/pokemon/726.png,fire,N/A
727,incineroar,31,14,11,88,https://raw.githubusercontent.com/PokeAPI/sprites/master/sprites/pokemon/727.png,fire,dark
728,popplio,16,6,6,53,https://raw.githubusercontent.com/PokeAPI/sprites/master/sprites/pokemon/728.png,water,N/A
729,brionne,20,8,8,70,https://raw.githubusercontent.com/PokeAPI/sprites/master/sprites/pokemon/729.png,water,N/A
730,primarina,26,9,9,88,https://raw.githubusercontent.com/PokeAPI/sprites/master/sprites/pokemon/730.png,water,fairy
731,pikipek,11,9,3,44,https://raw.githubusercontent.com/PokeAPI/sprites/master/sprites/pokemon/731.png,normal,flying
732,trumbeak,18,10,6,59,https://raw.githubusercontent.com/PokeAPI/sprites/master/sprites/pokemon/732.png,normal,flying
733,toucannon,26,15,9,80,https://raw.githubusercontent.com/PokeAPI/sprites/master/sprites/pokemon/733.png,normal,flying
734,yungoos,16,8,3,42,https://raw.githubusercontent.com/PokeAPI/sprites/master/sprites/pokemon/734.png,normal,N/A
735,gumshoos,29,13,7,69,https://raw.githubusercontent.com/PokeAPI/sprites/master/sprites/pokemon/735.png,normal,N/A
736,grubbin,15,7,5,50,https://raw.githubusercontent.com/PokeAPI/sprites/master/sprites/pokemon/736.png,bug,N/A
737,charjabug,19,10,11,66,https://raw.githubusercontent.com/PokeAPI/sprites/master/sprites/pokemon/737.png,bug,electric
738,vikavolt,25,8,11,83,https://raw.githubusercontent.com/PokeAPI/sprites/master/sprites/pokemon/738.png,bug,electric
739,crabrawler,15,10,7,56,https://raw.githubusercontent.com/PokeAPI/sprites/master/sprites/pokemon/739.png,fighting,N/A
740,crabominable,32,16,9,79,https://raw.githubusercontent.com/PokeAPI/sprites/master/sprites/pokemon/740.png,fighting,ice
741,oricorio-baile,25,8,8,79,https://raw.githubusercontent.com/PokeAPI/sprites/master/sprites/pokemon/741.png,fire,flying
742,cutiefly,13,5,5,50,https://raw.githubusercontent.com/PokeAPI/sprites/master/sprites/pokemon/742.png,bug,fairy
743,ribombee,20,6,7,77,https://raw.githubusercontent.com/PokeAPI/sprites/master/sprites/pokemon/743.png,bug,fairy
744,rockruff,15,8,5,46,https://raw.githubusercontent.com/PokeAPI/sprites/master/sprites/pokemon/744.png,rock,N/A
745,lycanroc-midday,25,14,8,81,https://raw.githubusercontent.com/PokeAPI/sprites/master/sprites/pokemon/745.png,rock,N/A
746,wishiwashi-solo,15,5,3,29,https://raw.githubusercontent.com/PokeAPI/sprites/master/sprites/pokemon/746.png,water,N/A
747,mareanie,16,6,7,50,https://raw.githubusercontent.com/PokeAPI/sprites/master/sprites/pokemon/747.png,poison,water
748,toxapex,16,7,19,82,https://raw.githubusercontent.com/PokeAPI/sprites/master/sprites/pokemon/748.png,poison,water
749,mudbray,23,12,8,64,https://raw.githubusercontent.com/PokeAPI/sprites/master/sprites/pokemon/749.png,ground,N/A
750,mudsdale,33,15,12,83,https://raw.githubusercontent.com/PokeAPI/sprites/master/sprites/pokemon/750.png,ground,N/A
751,dewpider,12,5,6,44,https://raw.githubusercontent.com/PokeAPI/sprites/master/sprites/pokemon/751.png,water,bug
752,araquanid,22,8,11,75,https://raw.githubusercontent.com/PokeAPI/sprites/master/sprites/pokemon/752.png,water,bug
753,fomantis,13,6,4,41,https://raw.githubusercontent.com/PokeAPI/sprites/master/sprites/pokemon/753.png,grass,N/A
754,lurantis,23,13,11,80,https://raw.githubusercontent.com/PokeAPI/sprites/master/sprites/pokemon/754.png,grass,N/A
755,morelull,13,5,6,47,https://raw.githubusercontent.com/PokeAPI/sprites/master/sprites/pokemon/755.png,grass,fairy
756,shiinotic,20,5,10,67,https://raw.githubusercontent.com/PokeAPI/sprites/master/sprites/pokemon/756.png,grass,fairy
757,salandit,16,5,5,53,https://raw.githubusercontent.com/PokeAPI/sprites/master/sprites/pokemon/757.png,poison,fire
758,salazzle,22,8,7,80,https://raw.githubusercontent.com/PokeAPI/sprites/master/sprites/pokemon/758.png,poison,fire
759,stufful,23,9,6,56,https://raw.githubusercontent.com/PokeAPI/sprites/master/sprites/pokemon/759.png,normal,fighting
760,bewear,40,15,10,83,https://raw.githubusercontent.com/PokeAPI/sprites/master/sprites/pokemon/760.png,normal,fighting
761,bounsweet,14,5,4,35,https://raw.githubusercontent.com/PokeAPI/sprites/master/sprites/pokemon/761.png,grass,N/A
762,steenee,17,5,6,48,https://raw.githubusercontent.com/PokeAPI/sprites/master/sprites/pokemon/762.png,grass,N/A
763,tsareena,24,15,12,85,https://raw.githubusercontent.com/PokeAPI/sprites/master/sprites/pokemon/763.png,grass,N/A
764,comfey,17,6,11,80,https://raw.githubusercontent.com/PokeAPI/sprites/master/sprites/pokemon/764.png,fairy,N/A
765,oranguru,30,7,10,81,https://raw.githubusercontent.com/PokeAPI/sprites/master/sprites/pokemon/765.png,normal,psychic
766,passimian,33,15,11,81,https://raw.githubusercontent.com/PokeAPI/sprites/master/sprites/pokemon/766.png,fighting,N/A
767,wimpod,10,5,5,38,https://raw.githubusercontent.com/PokeAPI/sprites/master/sprites/pokemon/767.png,bug,water
768,golisopod,25,15,17,88,https://raw.githubusercontent.com/PokeAPI/sprites/master/sprites/pokemon/768.png,bug,water
769,sandygast,18,6,10,53,https://raw.githubusercontent.com/PokeAPI/sprites/master/sprites/pokemon/769.png,ghost,ground
770,palossand,28,9,13,80,https://raw.githubusercontent.com/PokeAPI/sprites/master/sprites/pokemon/770.png,ghost,ground
771,pyukumuku,18,7,16,68,https://raw.githubusercontent.com/PokeAPI/sprites/master/sprites/pokemon/771.png,water,N/A
772,type-null,31,11,11,89,https://raw.githubusercontent.com/PokeAPI/sprites/master/sprites/pokemon/772.png,normal,N/A
773,silvally,31,11,11,95,https://raw.githubusercontent.com/PokeAPI/sprites/master/sprites/pokemon/773.png,normal,N/A
774,minior-red-meteor,20,7,12,73,https://raw.githubusercontent.com/PokeAPI/sprites/master/sprites/pokemon/774.png,rock,flying
775,komala,21,14,8,80,https://raw.githubusercontent.com/PokeAPI/sprites/master/sprites/pokemon/775.png,normal,N/A
776,turtonator,20,9,16,80,https://raw.githubusercontent.com/PokeAPI/sprites/master/sprites/pokemon/776.png,fire,dragon
777,togedemaru,21,12,7,72,https://raw.githubusercontent.com/PokeAPI/sprites/master/sprites/pokemon/777.png,electric,steel
778,mimikyu-disguised,18,11,10,79,https://raw.githubusercontent.com/PokeAPI/sprites/master/sprites/pokemon/778.png,ghost,fairy
779,bruxish,22,13,8,79,https://raw.githubusercontent.com/PokeAPI/sprites/master/sprites/pokemon/779.png,water,psychic
780,drampa,26,7,10,80,https://raw.githubusercontent.com/PokeAPI/sprites/master/sprites/pokemon/780.png,normal,dragon
781,dhelmise,23,16,12,86,https://raw.githubusercontent.com/PokeAPI/sprites/master/sprites/pokemon/781.png,ghost,grass
782,jangmo-o,15,6,8,50,https://raw.githubusercontent.com/PokeAPI/sprites/master/sprites/pokemon/782.png,dragon,N/A
783,hakamo-o,18,9,11,70,https://raw.githubusercontent.com/PokeAPI/sprites/master/sprites/pokemon/783.png,dragon,fighting
784,kommo-o,25,13,15,100,https://raw.githubusercontent.com/PokeAPI/sprites/master/sprites/pokemon/784.png,dragon,fighting
785,tapu-koko,23,14,10,95,https://raw.githubusercontent.com/PokeAPI/sprites/master/sprites/pokemon/785.png,electric,fairy
786,tapu-lele,23,10,9,95,https://raw.githubusercontent.com/PokeAPI/sprites/master/sprites/pokemon/786.png,psychic,fairy
787,tapu-bulu,23,16,14,95,https://raw.githubusercontent.com/PokeAPI/sprites/master/sprites/pokemon/787.png,grass,fairy
788,tapu-fini,23,9,14,95,https://raw.githubusercontent.com/PokeAPI/sprites/master/sprites/pokemon/788.png,water,fairy
789,cosmog,14,5,3,33,https://raw.githubusercontent.com/PokeAPI/sprites/master/sprites/pokemon/789.png,psychic,N/A
790,cosmoem,14,5,16,66,https://raw.githubusercontent.com/PokeAPI/sprites/master/sprites/pokemon/790.png,psychic,N/A
791,solgaleo,45,17,13,113,https://raw.githubusercontent.com/PokeAPI/sprites/master/sprites/pokemon/791.png,psychic,steel
792,lunala,45,14,11,113,https://raw.githubusercontent.com/PokeAPI/sprites/master/sprites/pokemon/792.png,psychic,ghost
793,nihilego,36,6,5,95,https://raw.githubusercontent.com/PokeAPI/sprites/master/sprites/pokemon/793.png,rock,poison
794,buzzwole,35,17,17,95,https://raw.githubusercontent.com/PokeAPI/sprites/master/sprites/pokemon/794.png,bug,fighting
795,pheromosa,23,17,4,95,https://raw.githubusercontent.com/PokeAPI/sprites/master/sprites/pokemon/795.png,bug,fighting
796,xurkitree,27,11,8,95,https://raw.githubusercontent.com/PokeAPI/sprites/master/sprites/pokemon/796.png,electric,N/A
797,celesteela,32,12,12,95,https://raw.githubusercontent.com/PokeAPI/sprites/master/sprites/pokemon/797.png,steel,flying
798,kartana,19,22,16,95,https://raw.githubusercontent.com/PokeAPI/sprites/master/sprites/pokemon/798.png,grass,steel
799,guzzlord,74,12,6,95,https://raw.githubusercontent.com/PokeAPI/sprites/master/sprites/pokemon/799.png,dark,dragon
800,necrozma,32,13,12,100,https://raw.githubusercontent.com/PokeAPI/sprites/master/sprites/pokemon/800.png,psychic,N/A
801,magearna,26,11,14,100,https://raw.githubusercontent.com/PokeAPI/sprites/master/sprites/pokemon/801.png,steel,fairy
802,marshadow,30,15,10,100,https://raw.githubusercontent.com/PokeAPI/sprites/master/sprites/pokemon/802.png,fighting,ghost
803,poipole,22,9,8,70,https://raw.githubusercontent.com/PokeAPI/sprites/master/sprites/pokemon/803.png,poison,N/A
804,naganadel,24,9,9,90,https://raw.githubusercontent.com/PokeAPI/sprites/master/sprites/pokemon/804.png,poison,dragon
805,stakataka,20,16,26,95,https://raw.githubusercontent.com/PokeAPI/sprites/master/sprites/pokemon/805.png,rock,steel
806,blacephalon,17,15,6,95,https://raw.githubusercontent.com/PokeAPI/sprites/master/sprites/pokemon/806.png,fire,ghost
807,zeraora,29,14,9,100,https://raw.githubusercontent.com/PokeAPI/sprites/master/sprites/pokemon/807.png,electric,N/A
808,meltan,15,8,8,50,https://raw.githubusercontent.com/PokeAPI/sprites/master/sprites/pokemon/808.png,steel,N/A
809,melmetal,45,17,17,100,https://raw.githubusercontent.com/PokeAPI/sprites/master/sprites/pokemon/809.png,steel,N/A
